food_name,food_type,amount,unit,calories(g),fats(g),carbs(g),protein(g),saturated_fat(g),cholesterol(mg),sodium(mg),dietary_fiber(g),sugars(g),calcium(mg),iron(mg),potassium(mg),vitamin_A(mcg),vitamin_C(mg)
đường,gia vị,1,gram,4,0,1,0,0,0,0,0,1,0,0,0,0,0
đường,gia vị,2,gram,8,0,2,0,0,0,0,0,2,0,0,0,0,0
đường,gia vị,3,gram,12,0,3,0,0,0,0,0,3,0,0,0,0,0
đường,gia vị,5,gram,19,0,5,0,0,0,0,0,5,0,0,0,0,0
đường,gia vị,9,gram,35,0,9,0,0,0,0,0,8.99,0,0,0,0,0
đường,gia vị,10,gram,39,0,10,0,0,0,0,0,9.99,0,0,0,0,0
đường,gia vị,11,gram,43,0,11,0,0,0,0,0,10.99,0,0,0,0,0
đường,gia vị,13,gram,50,0,13,0,0,0,0,0,12.99,0,0,0,0,0
đường,gia vị,15,gram,58,0,15,0,0,0,0,0,14.99,0,0,0,0,0
đường,gia vị,19,gram,58,0,19,0,0,0,0,0,18.98,0,0,0,0,0
đường,gia vị,20,gram,77,0,20,0,0,0,0,0,19.98,0,0,0,0,0
đường,gia vị,21,gram,81,0,21,0,0,0,0,0,20.98,0,0,0,0,0
đường,gia vị,23,gram,89,0,23,0,0,0,0,0,22.98,0,0,0,0,0
đường,gia vị,25,gram,97,0,25,0,0,0,0,0,24.98,0,0,0,0,0
đường,gia vị,29,gram,112,0,28.99,0,0,0,0,0,28.97,0,0,1,0,0
đường,gia vị,30,gram,116,0,29.99,0,0,0,0,0,29.97,0,0,1,0,0
đường,gia vị,31,gram,120,0,30.99,0,0,0,0,0,30.97,0,0,1,0,0
đường,gia vị,33,gram,128,0,32.99,0,0,0,0,0,32.97,0,0,1,0,0
đường,gia vị,35,gram,135,0,34.99,0,0,0,0,0,34.97,0,0,1,0,0
đường,gia vị,39,gram,151,0,38.99,0,0,0,0,0,38.96,0,0,1,0,0
đường,gia vị,40,gram,155,0,39.99,0,0,0,0,0,39.96,0,0,1,0,0
đường,gia vị,41,gram,159,0,40.99,0,0,0,0,0,40.96,0,0,1,0,0
đường,gia vị,43,gram,166,0,42.99,0,0,0,0,0,42.96,0,0,1,0,0
đường,gia vị,45,gram,174,0,44.99,0,0,0,0,0,44.96,0,0,1,0,0
đường,gia vị,49,gram,190,0,48.99,0,0,0,0,0,48.96,0,0,1,0,0
đường,gia vị,50,gram,194,0,49.99,0,0,0,0,0,49.96,0,0,1,0,0
đường,gia vị,51,gram,197,0,50.99,0,0,0,0,0,50.95,1,0.01,1,0,0
đường,gia vị,53,gram,205,0,52.99,0,0,0,0,0,52.95,1,0.01,1,0,0
đường,gia vị,55,gram,205,0,54.99,0,0,0,0,0,54.95,1,0.01,1,0,0
đường,gia vị,59,gram,205,0,58.99,0,0,0,0,0,58.95,1,0.01,1,0,0
đường,gia vị,60,gram,232,0,59.99,0,0,0,0,0,59.95,1,0.01,1,0,0
đường,gia vị,61,gram,236,0,60.99,0,0,0,0,0,60.95,1,0.01,1,0,0
đường,gia vị,63,gram,244,0,62.99,0,0,0,0,0,62.94,1,0.01,1,0,0
đường,gia vị,65,gram,252,0,64.99,0,0,0,0,0,64.94,1,0.01,1,0,0
đường,gia vị,69,gram,267,0,68.99,0,0,0,0,0,68.94,1,0.01,1,0,0
đường,gia vị,70,gram,271,0,69.99,0,0,0,0,0,69.94,1,0.01,1,0,0
đường,gia vị,71,gram,275,0,70.99,0,0,0,0,0,70.94,1,0.01,1,0,0
đường,gia vị,73,gram,283,0,72.99,0,0,0,0,0,72.93,1,0.01,1,0,0
đường,gia vị,75,gram,290,0,74.98,0,0,0,0,0,74.93,1,0.01,2,0,0
đường,gia vị,79,gram,306,0,78.98,0,0,0,0,0,78.93,1,0.01,2,0,0
đường,gia vị,80,gram,310,0,79.98,0,0,0,0,0,79.93,1,0.01,2,0,0
đường,gia vị,81,gram,313,0,80.98,0,0,0,0,0,80.93,1,0.01,2,0,0
đường,gia vị,83,gram,321,0,82.98,0,0,0,0,0,82.93,1,0.01,2,0,0
đường,gia vị,85,gram,329,0,84.98,0,0,0,0,0,84.93,1,0.01,2,0,0
đường,gia vị,89,gram,344,0,88.98,0,0,0,0,0,88.92,1,0.01,2,0,0
đường,gia vị,90,gram,348,0,89.98,0,0,0,0,0,89.92,1,0.01,2,0,0
đường,gia vị,91,gram,352,0,90.98,0,0,0,0,0,90.92,1,0.01,2,0,0
đường,gia vị,93,gram,360,0,92.98,0,0,0,0,0,92.92,1,0.01,2,0,0
đường,gia vị,95,gram,368,0,94.98,0,0,0,0,0,94.91,1,0.01,2,0,0
đường,gia vị,99,gram,383,0,98.98,0,0,0,0,0,98.91,1,0.01,2,0,0
đường,gia vị,100,gram,387,0,99.98,0,0,0,0,0,99.91,1,0.01,2,0,0
đường,gia vị,101,gram,391,0,100.98,0,0,0,0,0,100.91,1,0.01,2,0,0
đường,gia vị,103,gram,399,0,102.98,0,0,0,0,0,102.91,1,0.01,2,0,0
đường,gia vị,105,gram,406,0,104.98,0,0,0,0,0,104.91,1,0.01,2,0,0
đường,gia vị,109,gram,422,0,108.98,0,0,0,0,0,108.91,1,0.01,2,0,0
đường,gia vị,110,gram,426,0,109.98,0,0,0,0,0,109.9,1,0.01,2,0,0
đường,gia vị,111,gram,430,0,110.98,0,0,0,0,0,110.9,1,0.01,2,0,0
đường,gia vị,113,gram,430,0,112.98,0,0,0,0,0,112.9,1,0.01,2,0,0
đường,gia vị,115,gram,445,0,114.98,0,0,0,0,0,114.9,1,0.01,2,0,0
đường,gia vị,119,gram,461,0,118.98,0,0,0,0,0,118.89,1,0.01,2,0,0
đường,gia vị,120,gram,464,0,119.98,0,0,0,0,0,119.89,1,0.01,2,0,0
đường,gia vị,121,gram,468,0,120.98,0,0,0,0,0,120.89,1,0.01,2,0,0
đường,gia vị,123,gram,476,0,122.98,0,0,0,0,0,122.89,1,0.01,2,0,0
đường,gia vị,125,gram,484,0,124.98,0,0,0,0,0,124.89,1,0.01,2,0,0
đường,gia vị,129,gram,499,0,128.97,0,0,0,0,0,128.88,1,0.01,3,0,0
đường,gia vị,130,gram,503,0,129.97,0,0,0,0,0,129.88,1,0.01,3,0,0
đường,gia vị,131,gram,507,0,130.97,0,0,0,0,0,130.88,1,0.01,3,0,0
đường,gia vị,133,gram,515,0,132.97,0,0,0,0,0,132.88,1,0.01,3,0,0
đường,gia vị,135,gram,522,0,134.97,0,0,0,0,0,134.88,1,0.01,3,0,0
đường,gia vị,139,gram,538,0,138.97,0,0,0,0,0,138.87,1,0.01,3,0,0
đường,gia vị,140,gram,542,0,139.97,0,0,0,0,0,139.87,1,0.01,3,0,0
đường,gia vị,141,gram,546,0,140.97,0,0,0,0,0,140.87,1,0.01,3,0,0
đường,gia vị,143,gram,553,0,142.97,0,0,0,0,0,142.87,1,0.01,3,0,0
đường,gia vị,145,gram,561,0,144.97,0,0,0,0,0,144.87,1,0.01,3,0,0
đường,gia vị,149,gram,577,0,148.97,0,0,0,0,0,148.87,1,0.01,3,0,0
đường,gia vị,150,gram,580,0,149.97,0,0,0,0,0,149.86,2,0.02,3,0,0
đường,gia vị,151,gram,584,0,150.97,0,0,0,0,0,150.86,2,0.02,3,0,0
đường,gia vị,153,gram,592,0,152.97,0,0,0,0,0,152.86,2,0.02,3,0,0
đường,gia vị,155,gram,600,0,154.97,0,0,0,0,0,154.86,2,0.02,3,0,0
đường,gia vị,159,gram,615,0,158.97,0,0,0,0,0,158.86,2,0.02,3,0,0
đường,gia vị,160,gram,619,0,159.97,0,0,0,0,0,159.86,2,0.02,3,0,0
đường,gia vị,161,gram,623,0,160.97,0,0,0,0,0,160.86,2,0.02,3,0,0
đường,gia vị,163,gram,631,0,162.97,0,0,0,0,0,162.85,2,0.02,3,0,0
đường,gia vị,165,gram,639,0,164.97,0,0,0,0,0,164.85,2,0.02,3,0,0
đường,gia vị,169,gram,654,0,168.97,0,0,0,0,0,168.85,2,0.02,3,0,0
đường,gia vị,170,gram,658,0,169.97,0,0,0,0,0,169.85,2,0.02,3,0,0
đường,gia vị,171,gram,662,0,170.97,0,0,0,0,0,170.85,2,0.02,3,0,0
đường,gia vị,173,gram,670,0,172.97,0,0,0,0,0,172.84,2,0.02,3,0,0
đường,gia vị,175,gram,677,0,174.96,0,0,0,0,0,174.84,2,0.02,4,0,0
đường,gia vị,179,gram,693,0,178.96,0,0,0,0,0,178.84,2,0.02,4,0,0
đường,gia vị,180,gram,697,0,179.96,0,0,0,0,0,179.84,2,0.02,4,0,0
đường,gia vị,181,gram,700,0,180.96,0,0,0,0,0,180.84,2,0.02,4,0,0
đường,gia vị,183,gram,708,0,182.96,0,0,0,0,0,182.84,2,0.02,4,0,0
đường,gia vị,185,gram,716,0,184.96,0,0,0,0,0,184.83,2,0.02,4,0,0
đường,gia vị,189,gram,731,0,188.96,0,0,0,0,0,188.83,2,0.02,4,0,0
đường,gia vị,190,gram,735,0,189.96,0,0,0,0,0,189.83,2,0.02,4,0,0
đường,gia vị,191,gram,739,0,190.96,0,0,0,0,0,190.83,2,0.02,4,0,0
đường,gia vị,193,gram,747,0,192.96,0,0,0,0,0,192.83,2,0.02,4,0,0
đường,gia vị,195,gram,755,0,194.96,0,0,0,0,0,194.82,2,0.02,4,0,0
đường,gia vị,199,gram,770,0,198.96,0,0,0,0,0,198.82,2,0.02,4,0,0
đường,gia vị,200,gram,774,0,199.96,0,0,0,0,0,199.82,2,0.02,4,0,0
đường,gia vị,201,gram,778,0,200.96,0,0,0,0,0,200.82,2,0.02,4,0,0
đường,gia vị,203,gram,786,0,202.96,0,0,0,0,0,202.82,2,0.02,4,0,0
đường,gia vị,205,gram,793,0,204.96,0,0,0,0,0,204.82,2,0.02,4,0,0
đường,gia vị,209,gram,809,0,208.96,0,0,0,0,0,208.81,2,0.02,4,0,0
đường,gia vị,210,gram,813,0,209.96,0,0,0,0,0,209.81,2,0.02,4,0,0
đường,gia vị,211,gram,817,0,210.96,0,0,0,0,0,210.81,2,0.02,4,0,0
đường,gia vị,213,gram,824,0,212.96,0,0,0,0,0,212.81,2,0.02,4,0,0
đường,gia vị,215,gram,832,0,214.96,0,0,0,0,0,214.81,2,0.02,4,0,0
đường,gia vị,219,gram,848,0,218.96,0,0,0,0,0,218.8,2,0.02,4,0,0
đường,gia vị,220,gram,851,0,219.96,0,0,0,0,0,219.8,2,0.02,4,0,0
đường,gia vị,221,gram,855,0,220.96,0,0,0,0,0,220.8,2,0.02,4,0,0
đường,gia vị,223,gram,863,0,222.96,0,0,0,0,0,222.8,2,0.02,4,0,0
đường,gia vị,225,gram,871,0,224.96,0,0,0,0,0,224.8,2,0.02,4,0,0
đường,gia vị,229,gram,886,0,228.95,0,0,0,0,0,228.79,2,0.02,5,0,0
đường,gia vị,230,gram,890,0,229.95,0,0,0,0,0,229.79,2,0.02,5,0,0
đường,gia vị,231,gram,894,0,230.95,0,0,0,0,0,230.79,2,0.02,5,0,0
đường,gia vị,233,gram,902,0,232.95,0,0,0,0,0,232.79,2,0.02,5,0,0
đường,gia vị,235,gram,909,0,234.95,0,0,0,0,0,234.79,2,0.02,5,0,0
đường,gia vị,239,gram,925,0,238.95,0,0,0,0,0,238.78,2,0.02,5,0,0
đường,gia vị,240,gram,929,0,239.95,0,0,0,0,0,239.78,2,0.02,5,0,0
đường,gia vị,241,gram,933,0,240.95,0,0,0,0,0,240.78,2,0.02,5,0,0
đường,gia vị,243,gram,940,0,242.95,0,0,0,0,0,242.78,2,0.02,5,0,0
đường,gia vị,245,gram,948,0,244.95,0,0,0,0,0,244.78,2,0.02,5,0,0
đường,gia vị,249,gram,964,0,248.95,0,0,0,0,0,248.78,2,0.02,5,0,0
đường,gia vị,250,gram,968,0,249.95,0,0,0,0,0,249.78,2,0.02,5,0,0
đường,gia vị,251,gram,971,0,250.95,0,0,0,0,0,250.77,3,0.03,5,0,0
đường,gia vị,253,gram,979,0,252.95,0,0,0,0,0,252.77,3,0.03,5,0,0
đường,gia vị,255,gram,987,0,254.95,0,0,0,0,0,254.77,3,0.03,5,0,0
đường,gia vị,259,gram,1002,0,258.95,0,0,0,0,0,258.77,3,0.03,5,0,0
đường,gia vị,260,gram,1006,0,259.95,0,0,0,0,0,259.77,3,0.03,5,0,0
đường,gia vị,261,gram,1010,0,260.95,0,0,0,0,0,260.77,3,0.03,5,0,0
đường,gia vị,263,gram,1018,0,262.95,0,0,0,0,0,262.76,3,0.03,5,0,0
đường,gia vị,265,gram,1026,0,264.95,0,0,0,0,0,264.76,3,0.03,5,0,0
đường,gia vị,269,gram,1041,0,268.95,0,0,0,0,0,268.76,3,0.03,5,0,0
đường,gia vị,270,gram,1045,0,269.95,0,0,0,0,0,269.76,3,0.03,5,0,0
đường,gia vị,271,gram,1049,0,270.95,0,0,0,0,0,270.76,3,0.03,5,0,0
đường,gia vị,273,gram,1057,0,272.95,0,0,0,0,0,272.75,3,0.03,5,0,0
đường,gia vị,275,gram,1064,0,274.94,0,0,0,0,0,274.75,3,0.03,5,0,0
đường,gia vị,279,gram,1080,0,278.94,0,0,0,0,0,278.75,3,0.03,6,0,0
đường,gia vị,280,gram,1084,0,279.94,0,0,0,0,0,279.75,3,0.03,6,0,0
đường,gia vị,281,gram,1087,0,280.94,0,0,0,0,0,280.75,3,0.03,6,0,0
đường,gia vị,283,gram,1095,0,282.94,0,0,0,0,0,282.75,3,0.03,6,0,0
đường,gia vị,285,gram,1103,0,284.94,0,0,0,0,0,284.74,3,0.03,6,0,0
đường,gia vị,289,gram,1118,0,288.94,0,0,0,0,0,288.74,3,0.03,6,0,0
đường,gia vị,290,gram,1122,0,289.94,0,0,0,0,0,289.74,3,0.03,6,0,0
đường,gia vị,291,gram,1126,0,290.94,0,0,0,0,0,290.74,3,0.03,6,0,0
đường,gia vị,293,gram,1134,0,292.94,0,0,0,0,0,292.74,3,0.03,6,0,0
đường,gia vị,295,gram,1142,0,294.94,0,0,0,0,0,294.73,3,0.03,6,0,0
đường,gia vị,299,gram,1157,0,298.94,0,0,0,0,0,298.73,3,0.03,6,0,0
đường,gia vị,300,gram,1161,0,299.94,0,0,0,0,0,299.73,3,0.03,6,0,0
đường,gia vị,301,gram,1165,0,300.94,0,0,0,0,0,300.73,3,0.03,6,0,0
đường,gia vị,303,gram,1173,0,302.94,0,0,0,0,0,302.73,3,0.03,6,0,0
đường,gia vị,305,gram,1180,0,304.94,0,0,0,0,0,304.73,3,0.03,6,0,0
đường,gia vị,309,gram,1196,0,308.94,0,0,0,0,0,308.72,3,0.03,6,0,0
đường,gia vị,310,gram,1200,0,309.94,0,0,0,0,0,309.72,3,0.03,6,0,0
đường,gia vị,311,gram,1204,0,310.94,0,0,0,0,0,310.72,3,0.03,6,0,0
đường,gia vị,313,gram,1211,0,312.94,0,0,0,0,0,312.72,3,0.03,6,0,0
đường,gia vị,315,gram,1219,0,314.94,0,0,0,0,0,314.72,3,0.03,6,0,0
đường,gia vị,319,gram,1235,0,318.94,0,0,0,0,0,318.71,3,0.03,6,0,0
đường,gia vị,320,gram,1238,0,319.94,0,0,0,0,0,319.71,3,0.03,6,0,0
đường,gia vị,321,gram,1242,0,320.94,0,0,0,0,0,320.71,3,0.03,6,0,0
đường,gia vị,323,gram,1250,0,322.94,0,0,0,0,0,322.71,3,0.03,6,0,0
đường,gia vị,325,gram,1258,0,324.94,0,0,0,0,0,324.71,3,0.03,6,0,0
đường,gia vị,329,gram,1273,0,328.93,0,0,0,0,0,328.7,3,0.03,7,0,0
đường,gia vị,330,gram,1277,0,329.93,0,0,0,0,0,329.7,3,0.03,7,0,0
đường,gia vị,331,gram,1281,0,330.93,0,0,0,0,0,330.7,3,0.03,7,0,0
đường,gia vị,333,gram,1289,0,332.93,0,0,0,0,0,332.7,3,0.03,7,0,0
đường,gia vị,335,gram,1296,0,334.93,0,0,0,0,0,334.7,3,0.03,7,0,0
đường,gia vị,339,gram,1312,0,338.93,0,0,0,0,0,338.69,3,0.03,7,0,0
đường,gia vị,340,gram,1316,0,339.93,0,0,0,0,0,339.69,3,0.03,7,0,0
đường,gia vị,341,gram,1320,0,340.93,0,0,0,0,0,340.69,3,0.03,7,0,0
đường,gia vị,343,gram,1327,0,342.93,0,0,0,0,0,342.69,3,0.03,7,0,0
đường,gia vị,345,gram,1335,0,344.93,0,0,0,0,0,344.69,3,0.03,7,0,0
đường,gia vị,349,gram,1351,0,348.93,0,0,0,0,0,348.69,3,0.03,7,0,0
đường,gia vị,350,gram,1354,0,349.93,0,0,0,0,0,349.68,4,0.04,7,0,0
đường,gia vị,351,gram,1358,0,350.93,0,0,0,0,0,350.68,4,0.04,7,0,0
đường,gia vị,353,gram,1366,0,352.93,0,0,0,0,0,352.68,4,0.04,7,0,0
đường,gia vị,355,gram,1374,0,354.93,0,0,0,0,0,354.68,4,0.04,7,0,0
đường,gia vị,359,gram,1389,0,358.93,0,0,0,0,0,358.68,4,0.04,7,0,0
đường,gia vị,360,gram,1393,0,359.93,0,0,0,0,0,359.68,4,0.04,7,0,0
đường,gia vị,361,gram,1397,0,360.93,0,0,0,0,0,360.68,4,0.04,7,0,0
đường,gia vị,363,gram,1405,0,362.93,0,0,0,0,0,362.67,4,0.04,7,0,0
đường,gia vị,365,gram,1413,0,364.93,0,0,0,0,0,364.67,4,0.04,7,0,0
đường,gia vị,369,gram,1428,0,368.93,0,0,0,0,0,368.67,4,0.04,7,0,0
đường,gia vị,370,gram,1432,0,369.93,0,0,0,0,0,369.67,4,0.04,7,0,0
đường,gia vị,371,gram,1436,0,370.93,0,0,0,0,0,370.67,4,0.04,7,0,0
đường,gia vị,373,gram,1444,0,372.93,0,0,0,0,0,372.66,4,0.04,7,0,0
đường,gia vị,375,gram,1451,0,374.92,0,0,0,0,0,374.66,4,0.04,8,0,0
đường,gia vị,379,gram,1467,0,378.92,0,0,0,0,0,378.66,4,0.04,8,0,0
đường,gia vị,380,gram,1471,0,379.92,0,0,0,0,0,379.66,4,0.04,8,0,0
đường,gia vị,381,gram,1474,0,380.92,0,0,0,0,0,380.66,4,0.04,8,0,0
đường,gia vị,383,gram,1482,0,382.92,0,0,0,0,0,382.66,4,0.04,8,0,0
đường,gia vị,385,gram,1490,0,384.92,0,0,0,0,0,384.65,4,0.04,8,0,0
đường,gia vị,389,gram,1505,0,388.92,0,0,0,0,0,388.65,4,0.04,8,0,0
đường,gia vị,390,gram,1509,0,389.92,0,0,0,0,0,389.65,4,0.04,8,0,0
đường,gia vị,391,gram,1513,0,390.92,0,0,0,0,0,390.65,4,0.04,8,0,0
đường,gia vị,393,gram,1521,0,392.92,0,0,0,0,0,392.65,4,0.04,8,0,0
đường,gia vị,395,gram,1529,0,394.92,0,0,0,0,0,394.64,4,0.04,8,0,0
đường,gia vị,399,gram,1544,0,398.92,0,0,0,0,0,398.64,4,0.04,8,0,0
đường,gia vị,400,gram,1548,0,399.92,0,0,0,0,0,399.64,4,0.04,8,0,0
đường,gia vị,401,gram,1552,0,400.92,0,0,0,0,0,400.64,4,0.04,8,0,0
đường,gia vị,403,gram,1560,0,402.92,0,0,0,0,0,402.64,4,0.04,8,0,0
đường,gia vị,405,gram,1567,0,404.92,0,0,0,0,0,404.64,4,0.04,8,0,0
đường,gia vị,409,gram,1583,0,408.92,0,0,0,0,0,408.63,4,0.04,8,0,0
đường,gia vị,410,gram,1587,0,409.92,0,0,0,0,0,409.63,4,0.04,8,0,0
đường,gia vị,411,gram,1591,0,410.92,0,0,0,0,0,410.63,4,0.04,8,0,0
đường,gia vị,413,gram,1598,0,412.92,0,0,0,0,0,412.63,4,0.04,8,0,0
đường,gia vị,415,gram,1606,0,414.92,0,0,0,0,0,414.63,4,0.04,8,0,0
đường,gia vị,419,gram,1622,0,418.92,0,0,0,0,0,418.62,4,0.04,8,0,0
đường,gia vị,420,gram,1625,0,419.92,0,0,0,0,0,419.62,4,0.04,8,0,0
đường,gia vị,421,gram,1629,0,420.92,0,0,0,0,0,420.62,4,0.04,8,0,0
đường,gia vị,423,gram,1637,0,422.92,0,0,0,0,0,422.62,4,0.04,8,0,0
đường,gia vị,425,gram,1645,0,424.92,0,0,0,0,0,424.62,4,0.04,8,0,0
đường,gia vị,429,gram,1660,0,428.91,0,0,0,0,0,428.61,4,0.04,9,0,0
đường,gia vị,430,gram,1664,0,429.91,0,0,0,0,0,429.61,4,0.04,9,0,0
đường,gia vị,431,gram,1668,0,430.91,0,0,0,0,0,430.61,4,0.04,9,0,0
đường,gia vị,433,gram,1676,0,432.91,0,0,0,0,0,432.61,4,0.04,9,0,0
đường,gia vị,435,gram,1683,0,434.91,0,0,0,0,0,434.61,4,0.04,9,0,0
đường,gia vị,439,gram,1699,0,438.91,0,0,0,0,0,438.6,4,0.04,9,0,0
đường,gia vị,440,gram,1703,0,439.91,0,0,0,0,0,439.6,4,0.04,9,0,0
đường,gia vị,441,gram,1707,0,440.91,0,0,0,0,0,440.6,4,0.04,9,0,0
đường,gia vị,443,gram,1714,0,442.91,0,0,0,0,0,442.6,4,0.04,9,0,0
đường,gia vị,445,gram,1722,0,444.91,0,0,0,0,0,444.6,4,0.04,9,0,0
đường,gia vị,449,gram,1738,0,448.91,0,0,0,0,0,448.6,4,0.04,9,0,0
đường,gia vị,450,gram,1742,0,449.91,0,0,0,0,0,449.6,4,0.04,9,0,0
đường,gia vị,431,gram,1668,0,430.91,0,0,0,0,0,430.61,4,0.04,9,0,0
đường,gia vị,433,gram,1676,0,432.91,0,0,0,0,0,432.61,4,0.04,9,0,0
đường,gia vị,435,gram,1683,0,434.91,0,0,0,0,0,434.61,4,0.04,9,0,0
đường,gia vị,439,gram,1699,0,438.91,0,0,0,0,0,438.6,4,0.04,9,0,0
đường,gia vị,440,gram,1703,0,439.91,0,0,0,0,0,439.6,4,0.04,9,0,0
đường,gia vị,441,gram,1707,0,440.91,0,0,0,0,0,440.6,4,0.04,9,0,0
đường,gia vị,443,gram,1714,0,442.91,0,0,0,0,0,442.6,4,0.04,9,0,0
đường,gia vị,445,gram,1722,0,444.91,0,0,0,0,0,444.6,4,0.04,9,0,0
đường,gia vị,449,gram,1738,0,448.91,0,0,0,0,0,448.6,4,0.04,9,0,0
đường,gia vị,450,gram,1742,0,449.91,0,0,0,0,0,449.6,4,0.04,9,0,0
đường,gia vị,451,gram,1745,0,450.91,0,0,0,0,0,450.59,5,0.05,9,0,0
đường,gia vị,453,gram,1753,0,452.91,0,0,0,0,0,452.59,5,0.05,9,0,0
đường,gia vị,455,gram,1761,0,454.91,0,0,0,0,0,454.59,5,0.05,9,0,0
đường,gia vị,459,gram,1776,0,458.91,0,0,0,0,0,458.59,5,0.05,9,0,0
đường,gia vị,460,gram,1780,0,459.91,0,0,0,0,0,459.59,5,0.05,9,0,0
đường,gia vị,461,gram,1784,0,460.91,0,0,0,0,0,460.59,5,0.05,9,0,0
đường,gia vị,463,gram,1792,0,462.91,0,0,0,0,0,462.58,5,0.05,9,0,0
đường,gia vị,465,gram,1800,0,464.91,0,0,0,0,0,464.58,5,0.05,9,0,0
đường,gia vị,469,gram,1815,0,468.91,0,0,0,0,0,468.58,5,0.05,9,0,0
đường,gia vị,470,gram,1819,0,469.91,0,0,0,0,0,469.58,5,0.05,9,0,0
đường,gia vị,471,gram,1823,0,470.91,0,0,0,0,0,470.58,5,0.05,9,0,0
đường,gia vị,473,gram,1831,0,472.91,0,0,0,0,0,472.57,5,0.05,9,0,0
đường,gia vị,475,gram,1838,0,474.9,0,0,0,0,0,474.57,5,0.05,10,0,0
đường,gia vị,479,gram,1854,0,478.9,0,0,0,0,0,478.57,5,0.05,10,0,0
đường,gia vị,480,gram,1858,0,479.9,0,0,0,0,0,479.57,5,0.05,10,0,0
đường,gia vị,481,gram,1861,0,480.9,0,0,0,0,0,480.57,5,0.05,10,0,0
đường,gia vị,483,gram,1869,0,482.9,0,0,0,0,0,482.57,5,0.05,10,0,0
đường,gia vị,485,gram,1877,0,484.9,0,0,0,0,0,484.56,5,0.05,10,0,0
đường,gia vị,489,gram,1892,0,488.9,0,0,0,0,0,488.56,5,0.05,10,0,0
đường,gia vị,490,gram,1896,0,489.9,0,0,0,0,0,489.56,5,0.05,10,0,0
đường,gia vị,491,gram,1900,0,490.9,0,0,0,0,0,490.56,5,0.05,10,0,0
đường,gia vị,493,gram,1908,0,492.9,0,0,0,0,0,492.56,5,0.05,10,0,0
đường,gia vị,495,gram,1916,0,494.9,0,0,0,0,0,494.55,5,0.05,10,0,0
đường,gia vị,499,gram,1931,0,498.9,0,0,0,0,0,498.55,5,0.05,10,0,0
đường,gia vị,500,gram,1935,0,499.9,0,0,0,0,0,499.55,5,0.05,10,0,0
đường,gia vị,501,gram,1939,0,500.9,0,0,0,0,0,500.55,5,0.05,10,0,0
đường,gia vị,503,gram,1947,0,502.9,0,0,0,0,0,502.55,5,0.05,10,0,0
đường,gia vị,505,gram,1954,0,504.9,0,0,0,0,0,504.55,5,0.05,10,0,0
đường,gia vị,509,gram,1970,0,508.9,0,0,0,0,0,508.54,5,0.05,10,0,0
đường,gia vị,510,gram,1974,0,509.9,0,0,0,0,0,509.54,5,0.05,10,0,0
đường,gia vị,511,gram,1978,0,510.9,0,0,0,0,0,510.54,5,0.05,10,0,0
đường,gia vị,513,gram,1985,0,512.9,0,0,0,0,0,512.54,5,0.05,10,0,0
đường,gia vị,515,gram,1993,0,514.9,0,0,0,0,0,514.54,5,0.05,10,0,0
đường nâu,gia vị,1,gram,4,0,0.97,0,0,0,0,0,0.96,1,0.02,3,0,0
đường nâu,gia vị,3,gram,11,0,2.92,0,0,0,1,0,2.89,3,0.06,10,0,0
đường nâu,gia vị,5,gram,19,0,4.87,0,0,0,2,0,4.81,4,0.1,17,0,0
đường nâu,gia vị,9,gram,34,0,8.76,0,0,0,4,0,8.66,8,0.17,31,0,0
đường nâu,gia vị,10,gram,38,0,9.73,0,0,0,4,0,9.62,8,0.19,35,0,0
đường nâu,gia vị,11,gram,41,0,10.71,0,0,0,4,0,10.58,9,0.21,38,0,0
đường nâu,gia vị,13,gram,49,0,12.65,0,0,0,5,0,12.51,11,0.25,45,0,0
đường nâu,gia vị,15,gram,57,0,14.6,0,0,0,5,0,14.43,13,0.29,52,0,0
đường nâu,gia vị,19,gram,72,0,18.49,0,0,0,7,0,18.28,16,0.36,66,0,0
đường nâu,gia vị,20,gram,75,0,19.47,0,0,0,7,0,19.24,17,0.38,69,0,0
đường nâu,gia vị,21,gram,79,0,20.44,0,0,0,7,0,20.2,18,0.4,73,0,0
đường nâu,gia vị,23,gram,87,0,22.39,0,0,0,8,0,22.13,20,0.44,80,0,0
đường nâu,gia vị,25,gram,94,0,24.33,0,0,0,9,0,24.05,21,0.48,86,0,0
đường nâu,gia vị,29,gram,109,0,28.23,0,0,0,10,0,27.9,25,0.55,100,0,0
đường nâu,gia vị,30,gram,113,0,29.2,0,0,0,11,0,28.86,26,0.57,104,0,0
đường nâu,gia vị,31,gram,117,0,30.17,0,0,0,11,0,29.83,26,0.59,107,0,0
đường nâu,gia vị,33,gram,124,0,32.12,0,0,0,12,0,31.75,28,0.63,114,0,0
đường nâu,gia vị,35,gram,132,0,34.07,0,0,0,12,0,33.67,30,0.67,121,0,0
đường nâu,gia vị,39,gram,147,0,37.96,0,0,0,13,0,37.52,33,0.74,135,0,0
đường nâu,gia vị,40,gram,151,0,38.93,0,0,0,14,0,38.48,34,0.76,138,0,0
đường nâu,gia vị,30,gram,113,0,29.2,0,0,0,12,0,28.86,26,0.57,104,0,0
đường nâu,gia vị,31,gram,117,0,30.2,0,0,0,12,0,29.83,26,0.59,107,0,0
đường nâu,gia vị,33,gram,124,0,32.1,0,0,0,13,0,31.75,28,0.63,114,0,0
đường nâu,gia vị,35,gram,132,0,34.1,0,0,0,14,0,33.67,30,0.67,121,0,0
đường nâu,gia vị,39,gram,147,0,38,0,0,0,15,0,37.52,33,0.74,135,0,0
đường nâu,gia vị,40,gram,151,0,38.9,0,0,0,16,0,38.48,34,0.76,138,0,0
đường nâu,gia vị,41,gram,155,0,39.91,0,0,0,16,0,39.45,35,0.78,142,0,0
đường nâu,gia vị,43,gram,162,0,41.85,0,0,0,17,0,41.37,37,0.82,149,0,0
đường nâu,gia vị,45,gram,170,0,43.8,0,0,0,18,0,43.29,38,0.86,156,0,0
đường nâu,gia vị,49,gram,185,0,47.69,0,0,0,19,0,47.14,42,0.94,170,0,0
đường nâu,gia vị,50,gram,188,0,48.66,0,0,0,20,0,48.1,42,0.96,173,0,0
đường nâu,gia vị,51,gram,192,0,49.64,0,0,0,20,0,49.07,43,0.97,176,0,0
đường nâu,gia vị,53,gram,200,0,51.58,0,0,0,21,0,50.99,45,1.01,183,0,0
đường nâu,gia vị,55,gram,207,0,53.53,0,0,0,21,0,52.92,47,1.05,190,0,0
đường nâu,gia vị,59,gram,222,0,57.42,0,0,0,23,0,56.76,50,1.13,204,0,0
đường nâu,gia vị,60,gram,226,0,58.4,0,0,0,23,0,57.73,51,1.15,208,0,0
đường nâu,gia vị,61,gram,230,0,59.37,0,0,0,24,0,58.69,52,1.17,211,0,0
đường nâu,gia vị,63,gram,238,0,61.32,0,0,0,25,0,60.61,54,1.2,218,0,0
đường nâu,gia vị,65,gram,245,0,63.26,0,0,0,25,0,62.54,55,1.24,225,0,0
đường nâu,gia vị,69,gram,260,0,67.16,0,0,0,27,0,66.38,59,1.32,239,0,0
đường nâu,gia vị,70,gram,264,0,68.13,0,0,0,27,0,67.35,60,1.34,242,0,0
đường nâu,gia vị,71,gram,268,0,69.1,0,0,0,28,0,68.31,60,1.36,246,0,0
đường nâu,gia vị,73,gram,275,0,71.05,0,0,0,28,0,70.23,62,1.39,253,0,0
đường nâu,gia vị,75,gram,283,0,73,0,0,0,29,0,72.16,64,1.43,260,0,0
đường nâu,gia vị,79,gram,298,0,76.89,0,0,0,31,0,76.01,67,1.51,273,0,0
đường nâu,gia vị,80,gram,302,0,77.86,0,0,0,31,0,76.97,68,1.53,277,0,0
đường nâu,gia vị,81,gram,305,0,78.84,0,0,0,32,0,77.93,69,1.55,280,0,0
đường nâu,gia vị,83,gram,313,0,80.78,0,0,0,32,0,79.85,71,1.59,287,0,0
đường nâu,gia vị,85,gram,320,0,82.73,0,0,0,33,0,81.78,72,1.62,294,0,0
đường nâu,gia vị,89,gram,336,0,86.62,0,0,0,35,0,85.63,76,1.7,308,0,0
đường nâu,gia vị,90,gram,339,0,87.6,0,0,0,35,0,86.59,76,1.72,311,0,0
đường nâu,gia vị,91,gram,343,0,88.57,0,0,0,35,0,87.55,77,1.74,315,0,0
đường nâu,gia vị,93,gram,351,0,90.52,0,0,0,36,0,89.48,79,1.78,322,0,0
đường nâu,gia vị,95,gram,358,0,92.46,0,0,0,37,0,91.4,81,1.81,329,0,0
đường nâu,gia vị,99,gram,373,0,96.36,0,0,0,39,0,95.25,84,1.89,343,0,0
đường nâu,gia vị,100,gram,377,0,97.33,0,0,0,39,0,96.21,85,1.91,346,0,0
đường nâu,gia vị,101,gram,381,0,98.3,0,0,0,39,0,97.17,86,1.93,349,0,0
đường nâu,gia vị,103,gram,388,0,100.25,0,0,0,40,0,99.1,88,1.97,356,0,0
đường nâu,gia vị,105,gram,396,0,102.2,0,0,0,41,0,101.02,89,2.01,363,0,0
đường nâu,gia vị,109,gram,411,0,106.09,0,0,0,43,0,104.87,93,2.08,377,0,0
đường nâu,gia vị,110,gram,415,0,107.06,0,0,0,43,0,105.83,94,2.1,381,0,0
đường nâu,gia vị,111,gram,418,0,108.04,0,0,0,43,0,106.79,94,2.12,384,0,0
đường nâu,gia vị,113,gram,426,0,109.98,0,0,0,44,0,108.72,96,2.16,391,0,0
đường nâu,gia vị,115,gram,434,0,111.93,0,0,0,45,0,110.64,98,2.2,398,0,0
đường nâu,gia vị,119,gram,449,0,115.82,0,0,0,46,0,114.49,101,2.27,412,0,0
đường nâu,gia vị,120,gram,452,0,116.8,0,0,0,47,0,115.45,102,2.29,415,0,0
đường nâu,gia vị,121,gram,456,0,117.77,0,0,0,47,0,116.41,103,2.31,419,0,0
đường nâu,gia vị,123,gram,464,0,119.72,0,0,0,48,0,118.34,105,2.35,426,0,0
đường nâu,gia vị,125,gram,471,0,121.66,0,0,0,49,0,120.26,106,2.39,432,0,0
đường nâu,gia vị,129,gram,486,0,125.56,0,0,0,50,0,124.11,110,2.46,446,0,0
đường nâu,gia vị,130,gram,490,0,126.53,0,0,0,51,0,125.07,110,2.48,450,0,0
đường nâu,gia vị,131,gram,494,0,127.5,0,0,0,51,0,126.04,111,2.5,453,0,0
đường nâu,gia vị,133,gram,501,0,129.45,0,0,0,52,0,127.96,113,2.54,460,0,0
đường nâu,gia vị,135,gram,509,0,131.4,0,0,0,53,0,129.88,115,2.58,467,0,0
đường nâu,gia vị,139,gram,524,0,135.29,0,0,0,54,0,133.73,118,2.65,481,0,0
đường nâu,gia vị,140,gram,528,0,136.26,0,0,0,55,0,134.69,119,2.67,484,0,0
đường nâu,gia vị,141,gram,532,0,137.24,0,0,0,55,0,135.66,120,2.69,488,0,0
đường nâu,gia vị,143,gram,539,0,139.18,0,0,0,56,0,137.58,122,2.73,495,0,0
đường nâu,gia vị,145,gram,547,0,141.13,0,0,0,57,0,139.5,123,2.77,502,0,0
đường nâu,gia vị,149,gram,562,0,145.02,0,0,0,58,0,143.35,127,2.85,516,0,0
đường nâu,gia vị,150,gram,566,0,146,0,0,0,58,0,144.32,128,2.86,519,0,0
đường nâu,gia vị,151,gram,569,0,146.97,0,0,0,59,0,145.28,128,2.88,522,0,0
đường nâu,gia vị,153,gram,577,0,148.91,0,0,0,60,0,147.2,130,2.92,529,0,0
đường nâu,gia vị,155,gram,584,0,150.86,0,0,0,60,0,149.13,132,2.96,536,0,0
đường nâu,gia vị,159,gram,599,0,154.75,0,0,0,62,0,152.97,135,3.04,550,0,0
đường nâu,gia vị,160,gram,603,0,155.73,0,0,0,62,0,153.94,136,3.06,554,0,0
đường nâu,gia vị,161,gram,607,0,156.7,0,0,0,63,0,154.9,137,3.08,557,0,0
đường nâu,gia vị,163,gram,615,0,158.65,0,0,0,64,0,156.82,139,3.11,564,0,0
đường nâu,gia vị,165,gram,622,0,160.59,0,0,0,64,0,158.75,140,3.15,571,0,0
đường nâu,gia vị,169,gram,637,0,164.49,0,0,0,66,0,162.59,144,3.23,585,0,0
đường nâu,gia vị,170,gram,641,0,165.46,0,0,0,66,0,163.56,144,3.25,588,0,0
đường nâu,gia vị,171,gram,645,0,166.43,0,0,0,67,0,164.52,145,3.27,592,0,0
đường nâu,gia vị,173,gram,652,0,168.38,0,0,0,67,0,166.44,147,3.3,599,0,0
đường nâu,gia vị,175,gram,660,0,170.33,0,0,0,68,0,168.37,149,3.34,606,0,0
đường nâu,gia vị,179,gram,675,0,174.22,0,0,0,70,0,172.22,152,3.42,619,0,0
đường nâu,gia vị,180,gram,679,0,175.19,0,0,0,70,0,173.18,153,3.44,623,0,0
đường nâu,gia vị,181,gram,682,0,176.17,0,0,0,71,0,174.14,154,3.46,626,0,0
đường nâu,gia vị,183,gram,690,0,178.11,0,0,0,71,0,176.06,156,3.5,633,0,0
đường nâu,gia vị,185,gram,697,0,180.06,0,0,0,72,0,177.99,157,3.53,640,0,0
đường nâu,gia vị,189,gram,713,0,183.95,0,0,0,74,0,181.84,161,3.61,654,0,0
đường nâu,gia vị,190,gram,716,0,184.93,0,0,0,74,0,182.8,162,3.63,657,0,0
đường nâu,gia vị,191,gram,720,0,185.9,0,0,0,74,0,183.76,162,3.65,661,0,0
đường nâu,gia vị,193,gram,728,0,187.85,0,0,0,75,0,185.69,164,3.69,668,0,0
đường nâu,gia vị,195,gram,735,0,189.79,0,0,0,76,0,187.61,166,3.72,675,0,0
đường nâu,gia vị,199,gram,750,0,193.69,0,0,0,78,0,191.46,169,3.8,689,0,0
đường nâu,gia vị,200,gram,754,0,194.66,0,0,0,78,0,192.42,170,3.82,692,0,0
đường nâu,gia vị,201,gram,758,0,195.63,0,0,0,78,0,193.38,171,3.84,695,0,0
đường nâu,gia vị,203,gram,765,0,197.58,0,0,0,79,0,195.31,173,3.88,702,0,0
đường nâu,gia vị,205,gram,773,0,199.53,0,0,0,80,0,197.23,174,3.92,709,0,0
đường nâu,gia vị,209,gram,788,0,203.42,0,0,0,82,0,201.08,178,3.99,723,0,0
đường nâu,gia vị,210,gram,792,0,204.39,0,0,0,82,0,202.04,178,4.01,727,0,0
đường nâu,gia vị,211,gram,795,0,205.37,0,0,0,82,0,203,179,4.03,730,0,0
đường nâu,gia vị,213,gram,803,0,207.31,0,0,0,83,0,204.93,181,4.07,737,0,0
đường nâu,gia vị,215,gram,811,0,209.26,0,0,0,84,0,206.85,183,4.11,744,0,0
đường nâu,gia vị,219,gram,826,0,213.15,0,0,0,85,0,210.7,186,4.18,758,0,0
đường nâu,gia vị,220,gram,829,0,214.13,0,0,0,86,0,211.66,187,4.2,761,0,0
đường nâu,gia vị,221,gram,833,0,215.1,0,0,0,86,0,212.62,188,4.22,765,0,0
đường nâu,gia vị,223,gram,841,0,217.05,0,0,0,87,0,214.55,190,4.26,772,0,0
đường nâu,gia vị,225,gram,848,0,218.99,0,0,0,88,0,216.47,191,4.3,778,0,0
đường nâu,gia vị,229,gram,863,0,222.89,0,0,0,89,0,220.32,195,4.37,792,0,0
đường nâu,gia vị,230,gram,867,0,223.86,0,0,0,90,0,221.28,196,4.39,796,0,0
đường nâu,gia vị,231,gram,871,0,224.83,0,0,0,90,0,222.25,196,4.41,799,0,0
đường nâu,gia vị,233,gram,878,0,226.78,0,0,0,91,0,224.17,198,4.45,806,0,0
đường nâu,gia vị,235,gram,886,0,228.73,0,0,0,92,0,226.09,200,4.49,813,0,0
đường nâu,gia vị,239,gram,901,0,232.62,0,0,0,93,0,229.94,203,4.56,827,0,0
đường nâu,gia vị,240,gram,905,0,233.59,0,0,0,94,0,230.9,204,4.58,830,0,0
đường nâu,gia vị,241,gram,909,0,234.57,0,0,0,94,0,231.87,205,4.6,834,0,0
đường nâu,gia vị,243,gram,916,0,236.51,0,0,0,95,0,233.79,207,4.64,841,0,0
đường nâu,gia vị,245,gram,924,0,238.46,0,0,0,96,0,235.71,208,4.68,848,0,0
đường nâu,gia vị,249,gram,939,0,242.35,0,0,0,97,0,239.56,212,4.76,862,0,0
đường nâu,gia vị,250,gram,942,0,243.32,0,0,0,98,0,240.52,212,4.78,865,0,0
đường nâu,gia vị,251,gram,946,0,244.3,0,0,0,98,0,241.49,213,4.79,868,0,0
đường nâu,gia vị,253,gram,954,0,246.24,0,0,0,99,0,243.41,215,4.83,875,0,0
đường nâu,gia vị,255,gram,961,0,248.19,0,0,0,99,0,245.34,217,4.87,882,0,0
đường nâu,gia vị,259,gram,976,0,252.08,0,0,0,101,0,249.18,220,4.95,896,0,0
đường nâu,gia vị,260,gram,980,0,253.06,0,0,0,101,0,250.15,221,4.97,900,0,0
đường nâu,gia vị,261,gram,984,0,254.03,0,0,0,102,0,251.11,222,4.99,903,0,0
đường nâu,gia vị,263,gram,992,0,255.98,0,0,0,103,0,253.03,224,5.02,910,0,0
đường nâu,gia vị,265,gram,999,0,257.92,0,0,0,103,0,254.96,225,5.06,917,0,0
đường nâu,gia vị,269,gram,1014,0,261.82,0,0,0,105,0,258.8,229,5.14,931,0,0
đường nâu,gia vị,270,gram,1018,0,262.79,0,0,0,105,0,259.77,230,5.16,934,0,0
đường nâu,gia vị,271,gram,1022,0,263.76,0,0,0,106,0,260.73,230,5.18,938,0,0
đường nâu,gia vị,273,gram,1029,0,265.71,0,0,0,106,0,262.65,232,5.21,945,0,0
đường nâu,gia vị,275,gram,1037,0,267.66,0,0,0,107,0,264.58,234,5.25,952,0,0
đường nâu,gia vị,279,gram,1052,0,271.55,0,0,0,109,0,268.43,237,5.33,965,0,0
đường nâu,gia vị,280,gram,1056,0,272.52,0,0,0,109,0,269.39,238,5.35,969,0,0
đường nâu,gia vị,281,gram,1059,0,273.5,0,0,0,110,0,270.35,239,5.37,972,0,0
đường nâu,gia vị,283,gram,1067,0,275.44,0,0,0,110,0,272.27,241,5.41,979,0,0
đường nâu,gia vị,285,gram,1074,0,277.39,0,0,0,111,0,274.2,242,5.44,986,0,0
đường nâu,gia vị,289,gram,1090,0,281.28,0,0,0,113,0,278.05,246,5.52,1000,0,0
đường nâu,gia vị,290,gram,1093,0,282.26,0,0,0,113,0,279.01,246,5.54,1003,0,0
đường nâu,gia vị,291,gram,1097,0,283.23,0,0,0,113,0,279.97,247,5.56,1007,0,0
đường nâu,gia vị,293,gram,1105,0,285.18,0,0,0,114,0,281.9,249,5.6,1014,0,0
đường nâu,gia vị,295,gram,1112,0,287.12,0,0,0,115,0,283.82,251,5.63,1021,0,0
đường nâu,gia vị,299,gram,1127,0,291.02,0,0,0,117,0,287.67,254,5.71,1035,0,0
đường nâu,gia vị,300,gram,1131,0,291.99,0,0,0,117,0,288.63,255,5.73,1038,0,0
đường nâu,gia vị,301,gram,1135,0,292.96,0,0,0,117,0,289.59,256,5.75,1041,0,0
đường nâu,gia vị,303,gram,1142,0,294.91,0,0,0,118,0,291.52,258,5.79,1048,0,0
đường nâu,gia vị,305,gram,1150,0,296.86,0,0,0,119,0,293.44,259,5.83,1055,0,0
đường nâu,gia vị,309,gram,1165,0,300.75,0,0,0,121,0,297.29,263,5.9,1069,0,0
đường nâu,gia vị,310,gram,1169,0,301.72,0,0,0,121,0,298.25,264,5.92,1073,0,0
đường nâu,gia vị,311,gram,1172,0,302.7,0,0,0,121,0,299.21,264,5.94,1076,0,0
đường nâu,gia vị,313,gram,1180,0,304.64,0,0,0,122,0,301.14,266,5.98,1083,0,0
đường nâu,gia vị,315,gram,1188,0,306.59,0,0,0,123,0,303.06,268,6.02,1090,0,0
đường nâu,gia vị,319,gram,1203,0,310.48,0,0,0,124,0,306.91,271,6.09,1104,0,0
đường nâu,gia vị,320,gram,1206,0,311.46,0,0,0,125,0,307.87,272,6.11,1107,0,0
đường nâu,gia vị,321,gram,1210,0,312.43,0,0,0,125,0,308.83,273,6.13,1111,0,0
đường nâu,gia vị,323,gram,1218,0,314.38,0,0,0,126,0,310.76,275,6.17,1118,0,0
đường nâu,gia vị,325,gram,1225,0,316.32,0,0,0,127,0,312.68,276,6.21,1124,0,0
đường nâu,gia vị,329,gram,1240,0,320.22,0,0,0,128,0,316.53,280,6.28,1138,0,0
đường nâu,gia vị,330,gram,1244,0,321.19,0,0,0,129,0,317.49,280,6.3,1142,0,0
đường nâu,gia vị,331,gram,1248,0,322.16,0,0,0,129,0,318.46,281,6.32,1145,0,0
đường nâu,gia vị,333,gram,1255,0,324.11,0,0,0,130,0,320.38,283,6.36,1152,0,0
đường nâu,gia vị,335,gram,1263,0,326.06,0,0,0,131,0,322.3,285,6.4,1159,0,0
đường nâu,gia vị,339,gram,1278,0,329.95,0,0,0,132,0,326.15,288,6.47,1173,0,0
đường nâu,gia vị,340,gram,1282,0,330.92,0,0,0,133,0,327.11,289,6.49,1176,0,0
đường nâu,gia vị,341,gram,1286,0,331.9,0,0,0,133,0,328.08,290,6.51,1180,0,0
đường nâu,gia vị,343,gram,1293,0,333.84,0,0,0,134,0,330,292,6.55,1187,0,0
đường nâu,gia vị,345,gram,1301,0,335.79,0,0,0,135,0,331.92,293,6.59,1194,0,0
đường nâu,gia vị,349,gram,1316,0,339.68,0,0,0,136,0,335.77,297,6.67,1208,0,0
đường nâu,gia vị,350,gram,1320,0,340.66,0,0,0,136,0,336.74,298,6.68,1211,0,0
đường nâu,gia vị,351,gram,1323,0,341.63,0,0,0,137,0,337.7,298,6.7,1214,0,0
đường nâu,gia vị,353,gram,1331,0,343.57,0,0,0,138,0,339.62,300,6.74,1221,0,0
đường nâu,gia vị,355,gram,1338,0,345.52,0,0,0,138,0,341.55,302,6.78,1228,0,0
đường nâu,gia vị,359,gram,1353,0,349.41,0,0,0,140,0,345.39,305,6.86,1242,0,0
đường nâu,gia vị,360,gram,1357,0,350.39,0,0,0,140,0,346.36,306,6.88,1246,0,0
đường nâu,gia vị,361,gram,1361,0,351.36,0,0,0,141,0,347.32,307,6.9,1249,0,0
đường nâu,gia vị,363,gram,1369,0,353.31,0,0,0,142,0,349.24,309,6.93,1256,0,0
đường nâu,gia vị,365,gram,1376,0,355.25,0,0,0,142,0,351.17,310,6.97,1263,0,0
đường nâu,gia vị,369,gram,1391,0,359.15,0,0,0,144,0,355.01,314,7.05,1277,0,0
đường nâu,gia vị,370,gram,1395,0,360.12,0,0,0,144,0,355.98,314,7.07,1280,0,0
đường nâu,gia vị,371,gram,1399,0,361.09,0,0,0,145,0,356.94,315,7.09,1284,0,0
đường nâu,gia vị,373,gram,1406,0,363.04,0,0,0,145,0,358.86,317,7.12,1291,0,0
đường nâu,gia vị,375,gram,1414,0,364.99,0,0,0,146,0,360.79,319,7.16,1298,0,0
đường nâu,gia vị,379,gram,1429,0,368.88,0,0,0,148,0,364.64,322,7.24,1311,0,0
đường nâu,gia vị,380,gram,1433,0,369.85,0,0,0,148,0,365.6,323,7.26,1315,0,0
đường nâu,gia vị,381,gram,1436,0,370.83,0,0,0,149,0,366.56,324,7.28,1318,0,0
đường nâu,gia vị,383,gram,1444,0,372.77,0,0,0,149,0,368.48,326,7.32,1325,0,0
đường nâu,gia vị,385,gram,1451,0,374.72,0,0,0,150,0,370.41,327,7.35,1332,0,0
đường nâu,gia vị,389,gram,1467,0,378.61,0,0,0,152,0,374.26,331,7.43,1346,0,0
đường nâu,gia vị,390,gram,1470,0,379.59,0,0,0,152,0,375.22,332,7.45,1349,0,0
đường nâu,gia vị,391,gram,1474,0,380.56,0,0,0,152,0,376.18,332,7.47,1353,0,0
đường nâu,gia vị,393,gram,1482,0,382.51,0,0,0,153,0,378.11,334,7.51,1360,0,0
đường nâu,gia vị,395,gram,1489,0,384.45,0,0,0,154,0,380.03,336,7.54,1367,0,0
đường nâu,gia vị,399,gram,1504,0,388.35,0,0,0,156,0,383.88,339,7.62,1381,0,0
đường nâu,gia vị,400,gram,1508,0,389.32,0,0,0,156,0,384.84,340,7.64,1384,0,0
muối,gia vị,1,gram,0,0,0,0,0,0,388,0,0,0,0,0,0,0
muối,gia vị,3,gram,0,0,0,0,0,0,1163,0,0,1,0.01,0,0,0
muối,gia vị,5,gram,0,0,0,0,0,0,1938,0,0,1,0.02,0,0,0
muối,gia vị,9,gram,0,0,0,0,0,0,3488,0,0,2,0.03,1,0,0
muối,gia vị,10,gram,0,0,0,0,0,0,3876,0,0,2,0.03,1,0,0
muối,gia vị,11,gram,0,0,0,0,0,0,4263,0,0,3,0.04,1,0,0
muối,gia vị,13,gram,0,0,0,0,0,0,5039,0,0,3,0.04,1,0,0
muối,gia vị,15,gram,0,0,0,0,0,0,5814,0,0,4,0.05,1,0,0
muối,gia vị,19,gram,0,0,0,0,0,0,7364,0,0,5,0.06,2,0,0
muối,gia vị,20,gram,0,0,0,0,0,0,7752,0,0,5,0.07,2,0,0
muối,gia vị,21,gram,0,0,0,0,0,0,8139,0,0,5,0.07,2,0,0
muối,gia vị,23,gram,0,0,0,0,0,0,8914,0,0,6,0.08,2,0,0
muối,gia vị,25,gram,0,0,0,0,0,0,9690,0,0,6,0.08,2,0,0
muối,gia vị,29,gram,0,0,0,0,0,0,11240,0,0,7,0.1,2,0,0
muối,gia vị,30,gram,0,0,0,0,0,0,11627,0,0,7,0.1,2,0,0
muối,gia vị,31,gram,0,0,0,0,0,0,12015,0,0,7,0.1,2,0,0
muối,gia vị,33,gram,0,0,0,0,0,0,12790,0,0,8,0.11,3,0,0
muối,gia vị,35,gram,0,0,0,0,0,0,13565,0,0,8,0.12,3,0,0
muối,gia vị,39,gram,0,0,0,0,0,0,15116,0,0,9,0.13,3,0,0
muối,gia vị,40,gram,0,0,0,0,0,0,15503,0,0,10,0.13,3,0,0
muối,gia vị,41,gram,0,0,0,0,0,0,15891,0,0,10,0.14,3,0,0
muối,gia vị,43,gram,0,0,0,0,0,0,16666,0,0,10,0.14,3,0,0
muối,gia vị,45,gram,0,0,0,0,0,0,17441,0,0,11,0.15,4,0,0
muối,gia vị,49,gram,0,0,0,0,0,0,18991,0,0,12,0.16,4,0,0
muối,gia vị,50,gram,0,0,0,0,0,0,19379,0,0,12,0.16,4,0,0
muối,gia vị,51,gram,0,0,0,0,0,0,19767,0,0,12,0.17,4,0,0
muối,gia vị,53,gram,0,0,0,0,0,0,20542,0,0,13,0.17,4,0,0
muối,gia vị,55,gram,0,0,0,0,0,0,21317,0,0,13,0.18,4,0,0
muối,gia vị,59,gram,0,0,0,0,0,0,22867,0,0,14,0.19,5,0,0
muối,gia vị,60,gram,0,0,0,0,0,0,23255,0,0,14,0.2,5,0,0
muối,gia vị,61,gram,0,0,0,0,0,0,23642,0,0,15,0.2,5,0,0
muối,gia vị,63,gram,0,0,0,0,0,0,24418,0,0,15,0.21,5,0,0
muối,gia vị,65,gram,0,0,0,0,0,0,25193,0,0,16,0.21,5,0,0
muối,gia vị,69,gram,0,0,0,0,0,0,26743,0,0,17,0.23,6,0,0
muối,gia vị,70,gram,0,0,0,0,0,0,27131,0,0,17,0.23,6,0,0
muối,gia vị,71,gram,0,0,0,0,0,0,27518,0,0,17,0.23,6,0,0
muối,gia vị,73,gram,0,0,0,0,0,0,28293,0,0,18,0.24,6,0,0
muối,gia vị,75,gram,0,0,0,0,0,0,29068,0,0,18,0.25,6,0,0
muối,gia vị,79,gram,0,0,0,0,0,0,30619,0,0,19,0.26,6,0,0
muối,gia vị,80,gram,0,0,0,0,0,0,31006,0,0,19,0.26,6,0,0
muối,gia vị,81,gram,0,0,0,0,0,0,31394,0,0,19,0.27,6,0,0
muối,gia vị,83,gram,0,0,0,0,0,0,32169,0,0,20,0.27,7,0,0
muối,gia vị,85,gram,0,0,0,0,0,0,32944,0,0,20,0.28,7,0,0
muối,gia vị,89,gram,0,0,0,0,0,0,34495,0,0,21,0.29,7,0,0
muối,gia vị,90,gram,0,0,0,0,0,0,34882,0,0,22,0.3,7,0,0
muối,gia vị,91,gram,0,0,0,0,0,0,35270,0,0,22,0.3,7,0,0
muối,gia vị,93,gram,0,0,0,0,0,0,36045,0,0,22,0.31,7,0,0
muối,gia vị,95,gram,0,0,0,0,0,0,36820,0,0,23,0.31,8,0,0
muối,gia vị,99,gram,0,0,0,0,0,0,38370,0,0,24,0.33,8,0,0
muối,gia vị,100,gram,0,0,0,0,0,0,38758,0,0,24,0.33,8,0,0
muối,gia vị,101,gram,0,0,0,0,0,0,39146,0,0,24,0.33,8,0,0
muối,gia vị,103,gram,0,0,0,0,0,0,39921,0,0,25,0.34,8,0,0
muối,gia vị,105,gram,0,0,0,0,0,0,40696,0,0,25,0.35,8,0,0
muối,gia vị,109,gram,0,0,0,0,0,0,42246,0,0,26,0.36,9,0,0
muối,gia vị,110,gram,0,0,0,0,0,0,42634,0,0,26,0.36,9,0,0
muối,gia vị,111,gram,0,0,0,0,0,0,43021,0,0,27,0.37,9,0,0
muối,gia vị,113,gram,0,0,0,0,0,0,43797,0,0,27,0.37,9,0,0
muối,gia vị,115,gram,0,0,0,0,0,0,44572,0,0,28,0.38,9,0,0
muối,gia vị,119,gram,0,0,0,0,0,0,46122,0,0,29,0.39,10,0,0
muối,gia vị,120,gram,0,0,0,0,0,0,46510,0,0,29,0.4,10,0,0
muối,gia vị,121,gram,0,0,0,0,0,0,46897,0,0,29,0.4,10,0,0
muối,gia vị,123,gram,0,0,0,0,0,0,47672,0,0,30,0.41,10,0,0
muối,gia vị,125,gram,0,0,0,0,0,0,48448,0,0,30,0.41,10,0,0
muối,gia vị,129,gram,0,0,0,0,0,0,49998,0,0,31,0.43,10,0,0
muối,gia vị,130,gram,0,0,0,0,0,0,50385,0,0,31,0.43,10,0,0
muối,gia vị,131,gram,0,0,0,0,0,0,50773,0,0,31,0.43,10,0,0
muối,gia vị,133,gram,0,0,0,0,0,0,51548,0,0,32,0.44,11,0,0
muối,gia vị,135,gram,0,0,0,0,0,0,52323,0,0,32,0.45,11,0,0
muối,gia vị,139,gram,0,0,0,0,0,0,53874,0,0,33,0.46,11,0,0
muối,gia vị,140,gram,0,0,0,0,0,0,54261,0,0,34,0.46,11,0,0
muối,gia vị,141,gram,0,0,0,0,0,0,54649,0,0,34,0.47,11,0,0
muối,gia vị,143,gram,0,0,0,0,0,0,55424,0,0,34,0.47,11,0,0
muối,gia vị,145,gram,0,0,0,0,0,0,56199,0,0,35,0.48,12,0,0
muối,gia vị,149,gram,0,0,0,0,0,0,57749,0,0,36,0.49,12,0,0
muối,gia vị,150,gram,0,0,0,0,0,0,58137,0,0,36,0.5,12,0,0
muối,gia vị,151,gram,0,0,0,0,0,0,58525,0,0,36,0.5,12,0,0
muối,gia vị,153,gram,0,0,0,0,0,0,59300,0,0,37,0.5,12,0,0
muối,gia vị,155,gram,0,0,0,0,0,0,60075,0,0,37,0.51,12,0,0
muối,gia vị,159,gram,0,0,0,0,0,0,61625,0,0,38,0.52,13,0,0
muối,gia vị,160,gram,0,0,0,0,0,0,62013,0,0,38,0.53,13,0,0
muối,gia vị,161,gram,0,0,0,0,0,0,62400,0,0,39,0.53,13,0,0
muối,gia vị,163,gram,0,0,0,0,0,0,63176,0,0,39,0.54,13,0,0
muối,gia vị,165,gram,0,0,0,0,0,0,63951,0,0,40,0.54,13,0,0
muối,gia vị,169,gram,0,0,0,0,0,0,65501,0,0,41,0.56,14,0,0
muối,gia vị,170,gram,0,0,0,0,0,0,65889,0,0,41,0.56,14,0,0
muối,gia vị,171,gram,0,0,0,0,0,0,66276,0,0,41,0.56,14,0,0
muối,gia vị,173,gram,0,0,0,0,0,0,67051,0,0,42,0.57,14,0,0
muối,gia vị,175,gram,0,0,0,0,0,0,67826,0,0,42,0.58,14,0,0
muối,gia vị,179,gram,0,0,0,0,0,0,69377,0,0,43,0.59,14,0,0
muối,gia vị,180,gram,0,0,0,0,0,0,69764,0,0,43,0.59,14,0,0
muối,gia vị,181,gram,0,0,0,0,0,0,70152,0,0,43,0.6,14,0,0
muối,gia vị,183,gram,0,0,0,0,0,0,70927,0,0,44,0.6,15,0,0
muối,gia vị,185,gram,0,0,0,0,0,0,71702,0,0,44,0.61,15,0,0
muối,gia vị,189,gram,0,0,0,0,0,0,73253,0,0,45,0.62,15,0,0
muối,gia vị,190,gram,0,0,0,0,0,0,73640,0,0,46,0.63,15,0,0
muối,gia vị,191,gram,0,0,0,0,0,0,74028,0,0,46,0.63,15,0,0
muối,gia vị,193,gram,0,0,0,0,0,0,74803,0,0,46,0.64,15,0,0
muối,gia vị,195,gram,0,0,0,0,0,0,75578,0,0,47,0.64,16,0,0
muối,gia vị,199,gram,0,0,0,0,0,0,77128,0,0,48,0.66,16,0,0
muối,gia vị,200,gram,0,0,0,0,0,0,77516,0,0,48,0.66,16,0,0
muối,gia vị,201,gram,0,0,0,0,0,0,77904,0,0,48,0.66,16,0,0
muối,gia vị,203,gram,0,0,0,0,0,0,78679,0,0,49,0.67,16,0,0
muối,gia vị,205,gram,0,0,0,0,0,0,79454,0,0,49,0.68,16,0,0
muối,gia vị,209,gram,0,0,0,0,0,0,81004,0,0,50,0.69,17,0,0
muối,gia vị,210,gram,0,0,0,0,0,0,81392,0,0,50,0.69,17,0,0
muối,gia vị,211,gram,0,0,0,0,0,0,81779,0,0,51,0.7,17,0,0
muối,gia vị,213,gram,0,0,0,0,0,0,82555,0,0,51,0.7,17,0,0
muối,gia vị,215,gram,0,0,0,0,0,0,83330,0,0,52,0.71,17,0,0
muối,gia vị,219,gram,0,0,0,0,0,0,84880,0,0,53,0.72,18,0,0
muối,gia vị,220,gram,0,0,0,0,0,0,85268,0,0,53,0.73,18,0,0
muối,gia vị,221,gram,0,0,0,0,0,0,85655,0,0,53,0.73,18,0,0
muối,gia vị,223,gram,0,0,0,0,0,0,86430,0,0,54,0.74,18,0,0
muối,gia vị,225,gram,0,0,0,0,0,0,87206,0,0,54,0.74,18,0,0
muối,gia vị,229,gram,0,0,0,0,0,0,88756,0,0,55,0.76,18,0,0
muối,gia vị,230,gram,0,0,0,0,0,0,89143,0,0,55,0.76,18,0,0
muối,gia vị,231,gram,0,0,0,0,0,0,89531,0,0,55,0.76,18,0,0
muối,gia vị,233,gram,0,0,0,0,0,0,90306,0,0,56,0.77,19,0,0
muối,gia vị,233,gram,0,0,0,0,0,0,90306,0,0,56,0.77,19,0,0
muối,gia vị,235,gram,0,0,0,0,0,0,91081,0,0,56,0.78,19,0,0
muối,gia vị,239,gram,0,0,0,0,0,0,92632,0,0,57,0.79,19,0,0
muối,gia vị,240,gram,0,0,0,0,0,0,93019,0,0,58,0.79,19,0,0
muối,gia vị,241,gram,0,0,0,0,0,0,93407,0,0,58,0.8,19,0,0
muối,gia vị,243,gram,0,0,0,0,0,0,94182,0,0,58,0.8,19,0,0
muối,gia vị,245,gram,0,0,0,0,0,0,94957,0,0,59,0.81,20,0,0
muối,gia vị,249,gram,0,0,0,0,0,0,96507,0,0,60,0.82,20,0,0
muối,gia vị,250,gram,0,0,0,0,0,0,96895,0,0,60,0.82,20,0,0
muối,gia vị,251,gram,0,0,0,0,0,0,97283,0,0,60,0.83,20,0,0
muối,gia vị,253,gram,0,0,0,0,0,0,98058,0,0,61,0.83,20,0,0
muối,gia vị,255,gram,0,0,0,0,0,0,98833,0,0,61,0.84,20,0,0
muối,gia vị,259,gram,0,0,0,0,0,0,100383,0,0,62,0.85,21,0,0
muối,gia vị,260,gram,0,0,0,0,0,0,100771,0,0,62,0.86,21,0,0
muối,gia vị,261,gram,0,0,0,0,0,0,101158,0,0,63,0.86,21,0,0
muối,gia vị,263,gram,0,0,0,0,0,0,101934,0,0,63,0.87,21,0,0
muối,gia vị,265,gram,0,0,0,0,0,0,102709,0,0,64,0.87,21,0,0
muối,gia vị,269,gram,0,0,0,0,0,0,104259,0,0,65,0.89,22,0,0
muối,gia vị,270,gram,0,0,0,0,0,0,104647,0,0,65,0.89,22,0,0
muối,gia vị,271,gram,0,0,0,0,0,0,105034,0,0,65,0.89,22,0,0
muối,gia vị,273,gram,0,0,0,0,0,0,105809,0,0,66,0.9,22,0,0
muối,gia vị,275,gram,0,0,0,0,0,0,106584,0,0,66,0.91,22,0,0
muối,gia vị,279,gram,0,0,0,0,0,0,108135,0,0,67,0.92,22,0,0
muối,gia vị,280,gram,0,0,0,0,0,0,108522,0,0,67,0.92,22,0,0
muối,gia vị,281,gram,0,0,0,0,0,0,108910,0,0,67,0.93,22,0,0
muối,gia vị,283,gram,0,0,0,0,0,0,109685,0,0,68,0.93,23,0,0
muối,gia vị,285,gram,0,0,0,0,0,0,110460,0,0,68,0.94,23,0,0
muối,gia vị,289,gram,0,0,0,0,0,0,112011,0,0,69,0.95,23,0,0
muối,gia vị,290,gram,0,0,0,0,0,0,112398,0,0,70,0.96,23,0,0
muối,gia vị,291,gram,0,0,0,0,0,0,112786,0,0,70,0.96,23,0,0
muối,gia vị,293,gram,0,0,0,0,0,0,113561,0,0,70,0.97,23,0,0
muối,gia vị,295,gram,0,0,0,0,0,0,114336,0,0,71,0.97,24,0,0
muối,gia vị,299,gram,0,0,0,0,0,0,115886,0,0,72,0.99,24,0,0
muối,gia vị,300,gram,0,0,0,0,0,0,116274,0,0,72,0.99,24,0,0
muối,gia vị,301,gram,0,0,0,0,0,0,116662,0,0,72,0.99,24,0,0
muối,gia vị,303,gram,0,0,0,0,0,0,117437,0,0,73,1,24,0,0
muối,gia vị,305,gram,0,0,0,0,0,0,118212,0,0,73,1.01,24,0,0
muối,gia vị,309,gram,0,0,0,0,0,0,119762,0,0,74,1.02,25,0,0
muối,gia vị,310,gram,0,0,0,0,0,0,120150,0,0,74,1.02,25,0,0
muối,gia vị,311,gram,0,0,0,0,0,0,120537,0,0,75,1.03,25,0,0
muối,gia vị,313,gram,0,0,0,0,0,0,121313,0,0,75,1.03,25,0,0
muối,gia vị,315,gram,0,0,0,0,0,0,122088,0,0,76,1.04,25,0,0
muối,gia vị,319,gram,0,0,0,0,0,0,123638,0,0,77,1.05,26,0,0
muối,gia vị,320,gram,0,0,0,0,0,0,124026,0,0,77,1.06,26,0,0
muối,gia vị,321,gram,0,0,0,0,0,0,124413,0,0,77,1.06,26,0,0
muối,gia vị,323,gram,0,0,0,0,0,0,125188,0,0,78,1.07,26,0,0
muối,gia vị,325,gram,0,0,0,0,0,0,125964,0,0,78,1.07,26,0,0
muối,gia vị,329,gram,0,0,0,0,0,0,127514,0,0,79,1.09,26,0,0
muối,gia vị,330,gram,0,0,0,0,0,0,127901,0,0,79,1.09,26,0,0
muối,gia vị,331,gram,0,0,0,0,0,0,128289,0,0,79,1.09,26,0,0
muối,gia vị,333,gram,0,0,0,0,0,0,129064,0,0,80,1.1,27,0,0
muối,gia vị,335,gram,0,0,0,0,0,0,129839,0,0,80,1.11,27,0,0
muối,gia vị,339,gram,0,0,0,0,0,0,131390,0,0,81,1.12,27,0,0
muối,gia vị,340,gram,0,0,0,0,0,0,131777,0,0,82,1.12,27,0,0
muối,gia vị,341,gram,0,0,0,0,0,0,132165,0,0,82,1.13,27,0,0
muối,gia vị,343,gram,0,0,0,0,0,0,132940,0,0,82,1.13,27,0,0
muối,gia vị,345,gram,0,0,0,0,0,0,133715,0,0,83,1.14,28,0,0
muối,gia vị,349,gram,0,0,0,0,0,0,135265,0,0,84,1.15,28,0,0
muối,gia vị,350,gram,0,0,0,0,0,0,135653,0,0,84,1.16,28,0,0
muối,gia vị,351,gram,0,0,0,0,0,0,136041,0,0,84,1.16,28,0,0
muối,gia vị,353,gram,0,0,0,0,0,0,136816,0,0,85,1.16,28,0,0
muối,gia vị,355,gram,0,0,0,0,0,0,137591,0,0,85,1.17,28,0,0
muối,gia vị,359,gram,0,0,0,0,0,0,139141,0,0,86,1.18,29,0,0
muối,gia vị,360,gram,0,0,0,0,0,0,139529,0,0,86,1.19,29,0,0
muối,gia vị,361,gram,0,0,0,0,0,0,139916,0,0,87,1.19,29,0,0
muối,gia vị,363,gram,0,0,0,0,0,0,140692,0,0,87,1.2,29,0,0
muối,gia vị,365,gram,0,0,0,0,0,0,141467,0,0,88,1.2,29,0,0
muối,gia vị,369,gram,0,0,0,0,0,0,143017,0,0,89,1.22,30,0,0
muối,gia vị,370,gram,0,0,0,0,0,0,143405,0,0,89,1.22,30,0,0
muối,gia vị,371,gram,0,0,0,0,0,0,143792,0,0,89,1.22,30,0,0
muối,gia vị,373,gram,0,0,0,0,0,0,144567,0,0,90,1.23,30,0,0
muối,gia vị,375,gram,0,0,0,0,0,0,145342,0,0,90,1.24,30,0,0
muối,gia vị,379,gram,0,0,0,0,0,0,146893,0,0,91,1.25,30,0,0
muối,gia vị,380,gram,0,0,0,0,0,0,147280,0,0,91,1.25,30,0,0
muối,gia vị,381,gram,0,0,0,0,0,0,147668,0,0,91,1.26,30,0,0
muối,gia vị,383,gram,0,0,0,0,0,0,148443,0,0,92,1.26,31,0,0
muối,gia vị,385,gram,0,0,0,0,0,0,149218,0,0,92,1.27,31,0,0
muối,gia vị,389,gram,0,0,0,0,0,0,150769,0,0,93,1.28,31,0,0
muối,gia vị,390,gram,0,0,0,0,0,0,151156,0,0,94,1.29,31,0,0
muối,gia vị,391,gram,0,0,0,0,0,0,151544,0,0,94,1.29,31,0,0
muối,gia vị,393,gram,0,0,0,0,0,0,152319,0,0,94,1.3,31,0,0
muối,gia vị,395,gram,0,0,0,0,0,0,153094,0,0,95,1.3,32,0,0
muối,gia vị,399,gram,0,0,0,0,0,0,154644,0,0,96,1.32,32,0,0
muối,gia vị,400,gram,0,0,0,0,0,0,155032,0,0,96,1.32,32,0,0
nước mắm,gia vị,1,gram,0,0,0,0,0,0,77,0,0.04,0,0,3,0,0
nước mắm,gia vị,3,gram,1,0,0.11,0,0,0,232,0,0.11,1,0.02,9,0,0
nước mắm,gia vị,5,gram,2,0,0.18,0,0,0,386,0,0.18,2,0.04,14,0,0
nước mắm,gia vị,9,gram,3,0,0.33,0,0,0,695,0,0.33,4,0.07,26,1,0
nước mắm,gia vị,10,gram,4,0,0.36,0,0,0,772,0,0.36,4,0.08,29,1,0
nước mắm,gia vị,11,gram,4,0,0.4,0,0,0,849,0,0.4,5,0.09,32,1,0.1
nước mắm,gia vị,13,gram,5,0,0.47,0,0,0,1004,0,0.47,6,0.1,37,1,0.1
nước mắm,gia vị,15,gram,5,0,0.55,0,0,0,1158,0,0.55,6,0.12,43,1,0.1
nước mắm,gia vị,19,gram,7,0,0.69,0,0.001,0,1467,0,0.69,8,0.15,55,1,0.1
nước mắm,gia vị,20,gram,7,0,0.73,0,0.001,0,1544,0,0.73,9,0.16,58,1,0.1
nước mắm,gia vị,21,gram,7,0,0.76,1.06,0.001,0,1621,0,0.76,9,0.16,60,0,0.1
nước mắm,gia vị,23,gram,8,0,0.84,1.16,0.001,0,1776,0,0.84,10,0.18,66,0,0.1
nước mắm,gia vị,25,gram,9,0,0.91,1.26,0.001,0,1930,0,0.91,11,0.2,72,0,0.1
nước mắm,gia vị,29,gram,10,0,1.06,1.47,0.001,0,2239,0,1.06,12,0.23,84,0,0.1
nước mắm,gia vị,30,gram,10,0,1.09,1.52,0.001,0,2316,0,1.09,13,0.23,86,0,0.2
nước mắm,gia vị,31,gram,11,0,1.13,1.57,0.001,0,2393,0,1.13,13,0.24,89,0,0.2
nước mắm,gia vị,33,gram,12,0,1.2,1.67,0.001,0,2548,0,1.2,14,0.26,95,0,0.2
nước mắm,gia vị,35,gram,12,0,1.27,1.77,0.001,0,2702,0,1.27,15,0.27,101,0,0.2
nước mắm,gia vị,39,gram,14,0,1.42,1.97,0.001,0,3011,0,1.42,17,0.3,112,2,0.2
nước mắm,gia vị,40,gram,14,0,1.46,2.02,0.001,0,3088,0,1.46,17,0.31,115,2,0.2
nước mắm,gia vị,41,gram,14,0,1.49,2.07,0.001,0,3165,0,1.49,18,0.32,118,2,0.2
nước mắm,gia vị,43,gram,15,0,1.57,2.18,0.001,0,3320,0,1.57,18,0.34,124,2,0.2
nước mắm,gia vị,45,gram,16,0,1.64,2.28,0.001,0,3474,0,1.64,19,0.35,130,2,0.2
nước mắm,gia vị,49,gram,17,0,1.78,2.48,0.001,0,3783,0,1.78,21,0.38,141,2,0.2
nước mắm,gia vị,50,gram,18,0,1.82,2.53,0.002,0,3860,0,1.82,22,0.39,144,2,0.2
nước mắm,gia vị,51,gram,18,0.01,1.86,2.58,0.002,0,3937,0,1.86,22,0.4,147,2,0.3
nước mắm,gia vị,53,gram,19,0.01,1.93,2.68,0.002,0,4092,0,1.93,23,0.41,153,2,0.3
nước mắm,gia vị,55,gram,19,0.01,2,2.78,0.002,0,4246,0,2,24,0.43,158,2,0.3
nước mắm,gia vị,59,gram,21,0.01,2.15,2.99,0.002,0,4555,0,2.15,25,0.46,170,2,0.3
nước mắm,gia vị,60,gram,21,0.01,2.18,3.04,0.002,0,4632,0,2.18,26,0.47,173,2,0.3
nước mắm,gia vị,61,gram,21,0.01,2.22,3.09,0.002,0,4709,0,2.22,26,0.48,176,3,0.3
nước mắm,gia vị,63,gram,22,0.01,2.29,3.19,0.002,0,4864,0,2.29,27,0.49,181,3,0.3
nước mắm,gia vị,65,gram,23,0.01,2.37,3.29,0.002,0,5018,0,2.37,28,0.51,187,3,0.3
nước mắm,gia vị,69,gram,24,0.01,2.51,3.49,0.002,0,5327,0,2.51,30,0.54,199,3,0.3
nước mắm,gia vị,70,gram,24,0.01,2.55,3.54,0.002,0,5404,0,2.55,30,0.55,202,3,0.4
nước mắm,gia vị,71,gram,25,0.01,2.58,3.59,0.002,0,5481,0,2.58,31,0.55,204,3,0.4
nước mắm,gia vị,73,gram,26,0.01,2.66,3.69,0.002,0,5636,0,2.66,31,0.57,210,3,0.4
nước mắm,gia vị,75,gram,26,0.01,2.73,3.8,0.002,0,5790,0,2.73,32,0.58,216,3,0.4
nước mắm,gia vị,79,gram,28,0.01,2.88,4,0.002,0,6099,0,2.88,34,0.62,228,3,0.4
nước mắm,gia vị,80,gram,28,0.01,2.91,4.05,0.002,0,6176,0,2.91,34,0.62,230,3,0.4
nước mắm,gia vị,81,gram,28,0.01,2.95,4.1,0.002,0,6253,0,2.95,35,0.63,233,3,0.4
nước mắm,gia vị,83,gram,29,0.01,3.02,4.2,0.002,0,6408,0,3.02,36,0.65,239,3,0.4
nước mắm,gia vị,85,gram,30,0.01,3.09,4.3,0.003,0,6562,0,3.09,37,0.66,245,3,0.4
nước mắm,gia vị,89,gram,31,0.01,3.24,4.5,0.003,0,6871,0,3.24,38,0.69,256,4,0.4
nước mắm,gia vị,90,gram,32,0.01,3.28,4.55,0.003,0,6948,0,3.28,39,0.7,259,4,0.5
nước mắm,gia vị,91,gram,32,0.01,3.31,4.6,0.003,0,7025,0,3.31,39,0.71,262,4,0.5
nước mắm,gia vị,93,gram,33,0.01,3.39,4.71,0.003,0,7180,0,3.39,40,0.73,268,4,0.5
nước mắm,gia vị,95,gram,33,0.01,3.46,4.81,0.003,0,7334,0,3.46,41,0.74,274,4,0.5
nước mắm,gia vị,99,gram,35,0.01,3.6,5.01,0.003,0,7643,0,3.6,43,0.77,285,4,0.5
nước mắm,gia vị,100,gram,35,0.01,3.64,5.06,0.003,0,7720,0,3.64,43,0.78,288,4,0.5
nước mắm,gia vị,101,gram,35,0.01,3.68,5.11,0.003,0,7797,0,3.68,43,0.79,291,4,0.5
nước mắm,gia vị,103,gram,36,0.01,3.75,5.21,0.003,0,7952,0,3.75,44,0.8,297,4,0.5
nước mắm,gia vị,105,gram,37,0.01,3.82,5.31,0.003,0,8106,0,3.82,45,0.82,302,4,0.5
nước mắm,gia vị,109,gram,38,0.01,3.97,5.52,0.003,0,8415,0,3.97,47,0.85,314,4,0.5
nước mắm,gia vị,110,gram,38,0.01,4,5.57,0.003,0,8492,0,4,47,0.86,317,4,0.6
nước mắm,gia vị,111,gram,39,0.01,4.04,5.62,0.003,0,8569,0,4.04,48,0.87,320,4,0.6
nước mắm,gia vị,113,gram,40,0.01,4.11,5.72,0.003,0,8724,0,4.11,49,0.88,325,5,0.6
nước mắm,gia vị,115,gram,40,0.01,4.19,5.82,0.003,0,8878,0,4.19,49,0.9,331,5,0.6
nước mắm,gia vị,119,gram,42,0.01,4.33,6.02,0.004,0,9187,0,4.33,51,0.93,343,5,0.6
nước mắm,gia vị,120,gram,42,0.01,4.37,6.07,0.004,0,9264,0,4.37,52,0.94,346,5,0.6
nước mắm,gia vị,121,gram,42,0.01,4.4,6.12,0.004,0,9341,0,4.4,52,0.94,348,5,0.6
nước mắm,gia vị,123,gram,43,0.01,4.48,6.22,0.004,0,9496,0,4.48,53,0.96,354,5,0.6
nước mắm,gia vị,125,gram,44,0.01,4.55,6.32,0.004,0,9650,0,4.55,54,0.98,360,5,0.6
nước mắm,gia vị,129,gram,45,0.01,4.7,6.53,0.004,0,9959,0,4.7,55,1.01,372,5,0.6
nước mắm,gia vị,130,gram,46,0.01,4.73,6.58,0.004,0,10036,0,4.73,56,1.01,374,5,0.6
nước mắm,gia vị,131,gram,46,0.01,4.77,6.63,0.004,0,10113,0,4.77,56,1.02,377,5,0.7
nước mắm,gia vị,133,gram,47,0.01,4.84,6.73,0.004,0,10268,0,4.84,57,1.04,383,5,0.7
nước mắm,gia vị,135,gram,47,0.01,4.91,6.83,0.004,0,10422,0,4.91,58,1.05,389,5,0.7
nước mắm,gia vị,139,gram,49,0.01,5.06,7.03,0.004,0,10731,0,5.06,60,1.08,400,6,0.7
nước mắm,gia vị,140,gram,49,0.01,5.1,7.08,0.004,0,10808,0,5.1,60,1.09,403,6,0.7
nước mắm,gia vị,141,gram,49,0.01,5.13,7.13,0.004,0,10885,0,5.13,61,1.1,406,6,0.7
nước mắm,gia vị,143,gram,50,0.01,5.21,7.24,0.004,0,11040,0,5.21,61,1.12,412,6,0.7
nước mắm,gia vị,145,gram,51,0.01,5.28,7.34,0.004,0,11194,0,5.28,62,1.13,418,6,0.7
nước mắm,gia vị,149,gram,52,0.01,5.42,7.54,0.004,0,11503,0,5.42,64,1.16,429,6,0.7
nước mắm,gia vị,150,gram,52,0.02,5.46,7.59,0.004,0,11580,0,5.46,64,1.17,432,6,0.8
nước mắm,gia vị,151,gram,53,0.02,5.5,7.64,0.005,0,11657,0,5.5,65,1.18,435,6,0.8
nước mắm,gia vị,153,gram,54,0.02,5.57,7.74,0.005,0,11812,0,5.57,66,1.19,441,6,0.8
nước mắm,gia vị,155,gram,54,0.02,5.64,7.84,0.005,0,11966,0,5.64,67,1.21,446,6,0.8
nước mắm,gia vị,159,gram,56,0.02,5.79,8.05,0.005,0,12275,0,5.79,68,1.24,458,6,0.8
nước mắm,gia vị,160,gram,56,0.02,5.82,8.1,0.005,0,12352,0,5.82,69,1.25,461,6,0.8
nước mắm,gia vị,161,gram,56,0.02,5.86,8.15,0.005,0,12429,0,5.86,69,1.26,464,6,0.8
nước mắm,gia vị,163,gram,57,0.02,5.93,8.25,0.005,0,12584,0,5.93,70,1.27,469,7,0.8
nước mắm,gia vị,165,gram,58,0.02,6.01,8.35,0.005,0,12738,0,6.01,71,1.29,475,7,0.8
nước mắm,gia vị,169,gram,59,0.02,6.15,8.55,0.005,0,13047,0,6.15,73,1.32,487,7,0.8
nước mắm,gia vị,170,gram,60,0.02,6.19,8.6,0.005,0,13124,0,6.19,73,1.33,490,7,0.8
nước mắm,gia vị,171,gram,60,0.02,6.22,8.65,0.005,0,13201,0,6.22,74,1.33,492,7,0.9
nước mắm,gia vị,173,gram,61,0.02,6.3,8.75,0.005,0,13356,0,6.3,74,1.35,498,7,0.9
nước mắm,gia vị,175,gram,61,0.02,6.37,8.86,0.005,0,13510,0,6.37,75,1.36,504,7,0.9
nước mắm,gia vị,179,gram,63,0.02,6.52,9.06,0.005,0,13819,0,6.52,77,1.4,516,7,0.9
nước mắm,gia vị,180,gram,63,0.02,6.55,9.11,0.005,0,13896,0,6.55,77,1.4,518,7,0.9
nước mắm,gia vị,181,gram,63,0.02,6.59,9.16,0.005,0,13973,0,6.59,78,1.41,521,7,0.9
nước mắm,gia vị,183,gram,64,0.02,6.66,9.26,0.005,0,14128,0,6.66,79,1.43,527,7,0.9
nước mắm,gia vị,185,gram,65,0.02,6.73,9.36,0.006,0,14282,0,6.73,80,1.44,533,7,0.9
nước mắm,gia vị,189,gram,66,0.02,6.88,9.56,0.006,0,14591,0,6.88,81,1.47,544,8,0.9
nước mắm,gia vị,190,gram,66,0.02,6.92,9.61,0.006,0,14668,0,6.92,82,1.48,547,8,1
nước mắm,gia vị,191,gram,67,0.02,6.95,9.66,0.006,0,14745,0,6.95,82,1.49,550,8,1
nước mắm,gia vị,193,gram,68,0.02,7.03,9.77,0.006,0,14900,0,7.03,83,1.51,556,8,1
nước mắm,gia vị,195,gram,68,0.02,7.1,9.87,0.006,0,15054,0,7.1,84,1.52,562,8,1
nước mắm,gia vị,199,gram,70,0.02,7.24,10.07,0.006,0,15363,0,7.24,86,1.55,573,8,1
nước mắm,gia vị,200,gram,70,0.02,7.28,10.12,0.006,0,15440,0,7.28,86,1.56,576,8,1
nước mắm,gia vị,201,gram,70,0.02,7.32,10.17,0.006,0,15517,0,7.32,86,1.57,579,8,1
nước mắm,gia vị,203,gram,71,0.02,7.39,10.27,0.006,0,15672,0,7.39,87,1.58,585,8,1
nước mắm,gia vị,205,gram,72,0.02,7.46,10.37,0.006,0,15826,0,7.46,88,1.6,590,8,1
nước mắm,gia vị,209,gram,73,0.02,7.61,10.58,0.006,0,16135,0,7.61,90,1.63,602,8,1
nước mắm,gia vị,210,gram,74,0.02,7.64,10.63,0.006,0,16212,0,7.64,90,1.64,605,8,1
nước mắm,gia vị,211,gram,74,0.02,7.68,10.68,0.006,0,16289,0,7.68,91,1.65,608,8,1.1
nước mắm,gia vị,213,gram,75,0.02,7.75,10.78,0.006,0,16444,0,7.75,92,1.66,613,9,1.1
nước mắm,gia vị,215,gram,75,0.02,7.83,10.88,0.006,0,16598,0,7.83,92,1.68,619,9,1.1
nước mắm,gia vị,219,gram,77,0.02,7.97,11.08,0.007,0,16907,0,7.97,94,1.71,631,9,1.1
nước mắm,gia vị,220,gram,77,0.02,8.01,11.13,0.007,0,16984,0,8.01,95,1.72,634,9,1.1
nước mắm,gia vị,221,gram,77,0.02,8.04,11.18,0.007,0,17061,0,8.04,95,1.72,636,9,1.1
nước mắm,gia vị,223,gram,78,0.02,8.12,11.28,0.007,0,17216,0,8.12,96,1.74,642,9,1.1
nước mắm,gia vị,225,gram,79,0.02,8.19,11.38,0.007,0,17370,0,8.19,97,1.76,648,9,1.1
nước mắm,gia vị,229,gram,80,0.02,8.34,11.59,0.007,0,17679,0,8.34,98,1.79,660,9,1.1
nước mắm,gia vị,230,gram,80,0.02,8.37,11.64,0.007,0,17756,0,8.37,99,1.79,662,9,1.2
nước mắm,gia vị,231,gram,81,0.02,8.41,11.69,0.007,0,17833,0,8.41,99,1.8,665,9,1.2
nước mắm,gia vị,233,gram,82,0.02,8.48,11.79,0.007,0,17988,0,8.48,100,1.82,671,9,1.2
nước mắm,gia vị,235,gram,82,0.02,8.55,11.89,0.007,0,18142,0,8.55,101,1.83,677,9,1.2
nước mắm,gia vị,239,gram,84,0.02,8.7,12.09,0.007,0,18451,0,8.7,103,1.86,688,10,1.2
nước mắm,gia vị,240,gram,84,0.02,8.74,12.14,0.007,0,18528,0,8.74,103,1.87,691,10,1.2
nước mắm,gia vị,241,gram,84,0.02,8.77,12.19,0.007,0,18605,0,8.77,104,1.88,694,10,1.2
nước mắm,gia vị,243,gram,85,0.02,8.85,12.3,0.007,0,18760,0,8.85,104,1.9,700,10,1.2
nước mắm,gia vị,245,gram,86,0.02,8.92,12.4,0.007,0,18914,0,8.92,105,1.91,706,10,1.2
nước mắm,gia vị,249,gram,87,0.02,9.06,12.6,0.007,0,19223,0,9.06,107,1.94,717,10,1.2
nước mắm,gia vị,250,gram,88,0.02,9.1,12.65,0.008,0,19300,0,9.1,108,1.95,720,10,1.2
nước mắm,gia vị,251,gram,88,0.03,9.14,12.7,0.008,0,19377,0,9.14,108,1.96,723,10,1.3
nước mắm,gia vị,253,gram,89,0.03,9.21,12.8,0.008,0,19532,0,9.21,109,1.97,729,10,1.3
nước mắm,gia vị,255,gram,89,0.03,9.28,12.9,0.008,0,19686,0,9.28,110,1.99,734,10,1.3
nước mắm,gia vị,259,gram,91,0.03,9.43,13.11,0.008,0,19995,0,9.43,111,2.02,746,10,1.3
nước mắm,gia vị,260,gram,91,0.03,9.46,13.16,0.008,0,20072,0,9.46,112,2.03,749,10,1.3
nước mắm,gia vị,261,gram,91,0.03,9.5,13.21,0.008,0,20149,0,9.5,112,2.04,752,10,1.3
nước mắm,gia vị,263,gram,92,0.03,9.57,13.31,0.008,0,20304,0,9.57,113,2.05,757,11,1.3
nước mắm,gia vị,265,gram,93,0.03,9.65,13.41,0.008,0,20458,0,9.65,114,2.07,763,11,1.3
nước mắm,gia vị,269,gram,94,0.03,9.79,13.61,0.008,0,20767,0,9.79,116,2.1,775,11,1.3
nước mắm,gia vị,270,gram,94,0.03,9.83,13.66,0.008,0,20844,0,9.83,116,2.11,778,11,1.4
nước mắm,gia vị,271,gram,95,0.03,9.86,13.71,0.008,0,20921,0,9.86,117,2.11,780,11,1.4
nước mắm,gia vị,273,gram,96,0.03,9.94,13.81,0.008,0,21076,0,9.94,117,2.13,786,11,1.4
nước mắm,gia vị,275,gram,96,0.03,10.01,13.92,0.008,0,21230,0,10.01,118,2.14,792,11,1.4
nước mắm,gia vị,279,gram,98,0.03,10.16,14.12,0.008,0,21539,0,10.16,120,2.18,804,11,1.4
nước mắm,gia vị,280,gram,98,0.03,10.19,14.17,0.008,0,21616,0,10.19,120,2.18,806,11,1.4
nước mắm,gia vị,281,gram,98,0.03,10.23,14.22,0.008,0,21693,0,10.23,121,2.19,809,11,1.4
nước mắm,gia vị,283,gram,99,0.03,10.3,14.32,0.008,0,21848,0,10.3,122,2.21,815,11,1.4
nước mắm,gia vị,285,gram,100,0.03,10.37,14.42,0.009,0,22002,0,10.37,123,2.22,821,11,1.4
nước mắm,gia vị,289,gram,101,0.03,10.52,14.62,0.009,0,22311,0,10.52,124,2.25,832,12,1.4
nước mắm,gia vị,290,gram,102,0.03,10.56,14.67,0.009,0,22388,0,10.56,125,2.26,835,12,1.4
nước mắm,gia vị,291,gram,102,0.03,10.59,14.72,0.009,0,22465,0,10.59,125,2.27,838,12,1.5
nước mắm,gia vị,293,gram,103,0.03,10.67,14.83,0.009,0,22620,0,10.67,126,2.29,844,12,1.5
nước mắm,gia vị,295,gram,103,0.03,10.74,14.93,0.009,0,22774,0,10.74,127,2.3,850,12,1.5
nước mắm,gia vị,299,gram,105,0.03,10.88,15.13,0.009,0,23083,0,10.88,129,2.33,861,12,1.5
nước mắm,gia vị,300,gram,105,0.03,10.92,15.18,0.009,0,23160,0,10.92,129,2.34,864,12,1.5
nước mắm,gia vị,301,gram,105,0.03,10.96,15.23,0.009,0,23237,0,10.96,129,2.35,867,12,1.5
nước mắm,gia vị,303,gram,106,0.03,11.03,15.33,0.009,0,23392,0,11.03,130,2.36,873,12,1.5
nước mắm,gia vị,305,gram,107,0.03,11.1,15.43,0.009,0,23546,0,11.1,131,2.38,878,12,1.5
nước mắm,gia vị,309,gram,108,0.03,11.25,15.64,0.009,0,23855,0,11.25,133,2.41,890,12,1.5
nước mắm,gia vị,310,gram,108,0.03,11.28,15.69,0.009,0,23932,0,11.28,133,2.42,893,12,1.6
nước mắm,gia vị,311,gram,109,0.03,11.32,15.74,0.009,0,24009,0,11.32,134,2.43,896,12,1.6
nước mắm,gia vị,313,gram,110,0.03,11.39,15.84,0.009,0,24164,0,11.39,135,2.44,901,13,1.6
nước mắm,gia vị,315,gram,110,0.03,11.47,15.94,0.009,0,24318,0,11.47,135,2.46,907,13,1.6
nước mắm,gia vị,319,gram,112,0.03,11.61,16.14,0.01,0,24627,0,11.61,137,2.49,919,13,1.6
nước mắm,gia vị,320,gram,112,0.03,11.65,16.19,0.01,0,24704,0,11.65,138,2.5,922,13,1.6
nước mắm,gia vị,321,gram,112,0.03,11.68,16.24,0.01,0,24781,0,11.68,138,2.5,924,13,1.6
nước mắm,gia vị,323,gram,113,0.03,11.76,16.34,0.01,0,24936,0,11.76,139,2.52,930,13,1.6
nước mắm,gia vị,325,gram,114,0.03,11.83,16.44,0.01,0,25090,0,11.83,140,2.54,936,13,1.6
nước mắm,gia vị,329,gram,115,0.03,11.98,16.65,0.01,0,25399,0,11.98,141,2.57,948,13,1.6
nước mắm,gia vị,330,gram,116,0.03,12.01,16.7,0.01,0,25476,0,12.01,142,2.57,950,13,1.6
nước mắm,gia vị,331,gram,116,0.03,12.05,16.75,0.01,0,25553,0,12.05,142,2.58,953,13,1.7
nước mắm,gia vị,333,gram,117,0.03,12.12,16.85,0.01,0,25708,0,12.12,143,2.6,959,13,1.7
nước mắm,gia vị,335,gram,117,0.03,12.19,16.95,0.01,0,25862,0,12.19,144,2.61,965,13,1.7
nước mắm,gia vị,339,gram,119,0.03,12.34,17.15,0.01,0,26171,0,12.34,146,2.64,976,14,1.7
nước mắm,gia vị,340,gram,119,0.03,12.38,17.2,0.01,0,26248,0,12.38,146,2.65,979,14,1.7
nước mắm,gia vị,341,gram,119,0.03,12.41,17.25,0.01,0,26325,0,12.41,147,2.66,982,14,1.7
nước mắm,gia vị,343,gram,120,0.03,12.49,17.36,0.01,0,26480,0,12.49,147,2.68,988,14,1.7
nước mắm,gia vị,345,gram,121,0.03,12.56,17.46,0.01,0,26634,0,12.56,148,2.69,994,14,1.7
nước mắm,gia vị,349,gram,122,0.03,12.7,17.66,0.01,0,26943,0,12.7,150,2.72,1005,14,1.7
nước mắm,gia vị,350,gram,122,0.04,12.74,17.71,0.01,0,27020,0,12.74,150,2.73,1008,14,1.8
nước mắm,gia vị,351,gram,123,0.04,12.78,17.76,0.011,0,27097,0,12.78,151,2.74,1011,14,1.8
nước mắm,gia vị,353,gram,124,0.04,12.85,17.86,0.011,0,27252,0,12.85,152,2.75,1017,14,1.8
nước mắm,gia vị,355,gram,124,0.04,12.92,17.96,0.011,0,27406,0,12.92,153,2.77,1022,14,1.8
nước mắm,gia vị,359,gram,126,0.04,13.07,18.17,0.011,0,27715,0,13.07,154,2.8,1034,14,1.8
nước mắm,gia vị,360,gram,126,0.04,13.1,18.22,0.011,0,27792,0,13.1,155,2.81,1037,14,1.8
nước mắm,gia vị,361,gram,126,0.04,13.14,18.27,0.011,0,27869,0,13.14,155,2.82,1040,14,1.8
nước mắm,gia vị,363,gram,127,0.04,13.21,18.37,0.011,0,28024,0,13.21,156,2.83,1045,15,1.8
nước mắm,gia vị,365,gram,128,0.04,13.29,18.47,0.011,0,28178,0,13.29,157,2.85,1051,15,1.8
nước mắm,gia vị,369,gram,129,0.04,13.43,18.67,0.011,0,28487,0,13.43,159,2.88,1063,15,1.8
nước mắm,gia vị,370,gram,130,0.04,13.47,18.72,0.011,0,28564,0,13.47,159,2.89,1066,15,1.8
nước mắm,gia vị,371,gram,130,0.04,13.5,18.77,0.011,0,28641,0,13.5,160,2.89,1068,15,1.9
nước mắm,gia vị,373,gram,131,0.04,13.58,18.87,0.011,0,28796,0,13.58,160,2.91,1074,15,1.9
nước mắm,gia vị,375,gram,131,0.04,13.65,18.98,0.011,0,28950,0,13.65,161,2.92,1080,15,1.9
nước mắm,gia vị,379,gram,133,0.04,13.8,19.18,0.011,0,29259,0,13.8,163,2.96,1092,15,1.9
nước mắm,gia vị,380,gram,133,0.04,13.83,19.23,0.011,0,29336,0,13.83,163,2.96,1094,15,1.9
nước mắm,gia vị,381,gram,133,0.04,13.87,19.28,0.011,0,29413,0,13.87,164,2.97,1097,15,1.9
nước mắm,gia vị,383,gram,134,0.04,13.94,19.38,0.011,0,29568,0,13.94,165,2.99,1103,15,1.9
nước mắm,gia vị,385,gram,135,0.04,14.01,19.48,0.012,0,29722,0,14.01,166,3,1109,15,1.9
nước mắm,gia vị,389,gram,136,0.04,14.16,19.68,0.012,0,30031,0,14.16,167,3.03,1120,16,1.9
nước mắm,gia vị,390,gram,136,0.04,14.2,19.73,0.012,0,30108,0,14.2,168,3.04,1123,16,2
nước mắm,gia vị,391,gram,137,0.04,14.23,19.78,0.012,0,30185,0,14.23,168,3.05,1126,16,2
nước mắm,gia vị,393,gram,138,0.04,14.31,19.89,0.012,0,30340,0,14.31,169,3.07,1132,16,2
nước mắm,gia vị,395,gram,138,0.04,14.38,19.99,0.012,0,30494,0,14.38,170,3.08,1138,16,2
nước mắm,gia vị,399,gram,140,0.04,14.52,20.19,0.012,0,30803,0,14.52,172,3.11,1149,16,2
nước mắm,gia vị,400,gram,140,0.04,14.56,20.24,0.012,0,30880,0,14.56,172,3.12,1152,16,2
nước tương,gia vị,1,gram,1,0,0.08,0.06,0,0,56,0,0.02,0,0.02,2,0,0
nước tương,gia vị,3,gram,2,0,0.23,0.19,0,0,169,0,0.05,1,0.06,7,0,0
nước tương,gia vị,5,gram,3,0,0.38,0.31,0,0,282,0,0.08,1,0.1,11,0,0
nước tương,gia vị,9,gram,5,0,0.68,0.57,0,0,507,0.1,0.15,2,0.17,20,0,0
nước tương,gia vị,10,gram,5,0,0.76,0.63,0,0,564,0.1,0.17,2,0.19,22,0,0
nước tương,gia vị,11,gram,6,0.001,0.84,0.69,0.001,0,620,0.1,0.19,2,0.21,24,0,0
nước tương,gia vị,13,gram,7,0.001,0.99,0.82,0.001,0,733,0.1,0.22,2,0.25,28,0,0
nước tương,gia vị,15,gram,8,0.01,1.14,0.94,0.001,0,846,0.1,0.26,3,0.29,33,0,0
nước tương,gia vị,19,gram,10,0.01,1.45,1.19,0.001,0,1071,0.2,0.32,4,0.37,41,0,0
nước tương,gia vị,20,gram,11,0.01,1.52,1.26,0.001,0,1127,0.2,0.34,4,0.39,43,0,0
nước tương,gia vị,21,gram,11,0.01,1.6,1.32,0.001,0,1184,0.2,0.36,4,0.41,46,0,0
nước tương,gia vị,23,gram,12,0.01,1.75,1.44,0.001,0,1297,0.2,0.39,4,0.44,50,0,0
nước tương,gia vị,25,gram,13,0.01,1.9,1.57,0.001,0,1409,0.2,0.42,5,0.48,54,0,0
nước tương,gia vị,29,gram,15,0.01,2.21,1.82,0.002,0,1635,0.2,0.49,6,0.56,63,0,0
nước tương,gia vị,30,gram,16,0.01,2.28,1.88,0.002,0,1691,0.2,0.51,6,0.58,65,0,0
nước tương,gia vị,31,gram,16,0.01,2.36,1.95,0.002,0,1747,0.2,0.53,6,0.6,67,0,0
nước tương,gia vị,33,gram,17,0.01,2.51,2.07,0.002,0,1860,0.3,0.56,6,0.64,72,0,0
nước tương,gia vị,35,gram,19,0.01,2.66,2.2,0.002,0,1973,0.3,0.6,7,0.68,76,0,0
nước tương,gia vị,39,gram,21,0.02,2.97,2.45,0.002,0,2198,0.3,0.66,7,0.75,85,0,0
nước tương,gia vị,40,gram,21,0.02,3.04,2.51,0.002,0,2255,0.3,0.68,8,0.77,87,0,0
nước tương,gia vị,41,gram,22,0.02,3.12,2.57,0.002,0,2311,0.3,0.7,8,0.79,89,0,0
nước tương,gia vị,43,gram,23,0.02,3.27,2.7,0.002,0,2424,0.3,0.73,8,0.83,93,0,0
nước tương,gia vị,45,gram,24,0.02,3.42,2.83,0.002,0,2537,0.4,0.76,9,0.87,98,0,0
nước tương,gia vị,49,gram,26,0.02,3.73,3.08,0.002,0,2762,0.4,0.83,9,0.95,106,0,0
nước tương,gia vị,50,gram,26,0.02,3.8,3.14,0.002,0,2818,0.4,0.85,10,0.96,108,0,0
nước tương,gia vị,51,gram,27,0.02,3.88,3.2,0.003,0,2875,0.4,0.87,10,0.98,111,0,0
nước tương,gia vị,53,gram,28,0.02,4.03,3.33,0.003,0,2988,0.4,0.9,10,1.02,115,0,0
nước tương,gia vị,55,gram,29,0.02,4.19,3.45,0.003,0,3100,0.4,0.94,10,1.06,119,0,0
nước tương,gia vị,59,gram,31,0.02,4.49,3.71,0.003,0,3326,0.5,1,11,1.14,128,0,0
nước tương,gia vị,60,gram,32,0.02,4.57,3.77,0.003,0,3382,0.5,1.02,11,1.16,130,0,0
nước tương,gia vị,61,gram,32,0.02,4.64,3.83,0.004,0,3439,0.5,1.04,12,1.18,132,0,0
nước tương,gia vị,63,gram,33,0.03,4.79,3.96,0.004,0,3551,0.5,1.07,12,1.22,137,0,0
nước tương,gia vị,65,gram,34,0.03,4.95,4.08,0.004,0,3664,0.5,1.1,12,1.25,141,0,0
nước tương,gia vị,69,gram,37,0.03,5.25,4.33,0.004,0,3890,0.6,1.17,13,1.33,150,0,0
nước tương,gia vị,70,gram,37,0.03,5.33,4.4,0.004,0,3946,0.6,1.19,13,1.35,152,0,0
nước tương,gia vị,71,gram,38,0.03,5.4,4.46,0.004,0,4002,0.6,1.21,13,1.37,154,0,0
nước tương,gia vị,73,gram,39,0.03,5.56,4.58,0.004,0,4115,0.6,1.24,14,1.41,158,0,0
nước tương,gia vị,75,gram,40,0.03,5.71,4.71,0.004,0,4228,0.6,1.28,14,1.45,163,0,0
nước tương,gia vị,79,gram,42,0.03,6.01,4.96,0.005,0,4453,0.6,1.34,15,1.52,171,0,0
nước tương,gia vị,80,gram,42,0.03,6.09,5.02,0.005,0,4510,0.6,1.36,15,1.54,174,0,0
nước tương,gia vị,81,gram,43,0.03,6.16,5.09,0.004,0,4566,0.6,1.38,15,1.56,176,0,0
nước tương,gia vị,83,gram,44,0.03,6.32,5.21,0.004,0,4679,0.7,1.41,16,1.6,180,0,0
nước tương,gia vị,85,gram,45,0.03,6.47,5.34,0.004,0,4791,0.7,1.44,16,1.64,184,0,0
nước tương,gia vị,89,gram,47,0.04,6.77,5.59,0.004,0,5017,0.7,1.51,17,1.72,193,0,0
nước tương,gia vị,90,gram,48,0.04,6.85,5.65,0.004,0,5073,0.7,1.53,17,1.74,195,0,0
nước tương,gia vị,91,gram,48,0.04,6.93,5.71,0.005,0,5130,0.7,1.55,17,1.76,197,0,0
nước tương,gia vị,93,gram,49,0.04,7.08,5.84,0.005,0,5242,0.7,1.58,18,1.79,202,0,0
nước tương,gia vị,95,gram,50,0.04,7.23,5.97,0.005,0,5355,0.8,1.62,18,1.83,206,0,0
nước tương,gia vị,99,gram,52,0.04,7.53,6.22,0.005,0,5581,0.8,1.68,19,1.91,215,0,0
nước tương,gia vị,100,gram,53,0.04,7.61,6.28,0.005,0,5637,0.8,1.7,19,1.93,217,0,0
nước tương,gia vị,101,gram,54,0.04,7.69,6.34,0.005,0,5693,0.8,1.72,19,1.95,219,0,0
nước tương,gia vị,103,gram,55,0.04,7.84,6.47,0.005,0,5806,0.8,1.75,20,1.99,224,0,0
nước tương,gia vị,105,gram,56,0.04,7.99,6.59,0.005,0,5919,0.8,1.78,20,2.03,228,0,0
nước tương,gia vị,109,gram,58,0.04,8.29,6.85,0.005,0,6144,0.9,1.85,21,2.1,237,0,0
nước tương,gia vị,110,gram,58,0.04,8.37,6.91,0.006,0,6201,0.9,1.87,21,2.12,239,0,0
nước tương,gia vị,111,gram,59,0.04,8.45,6.97,0.006,0,6257,0.9,1.89,21,2.14,241,0,0
nước tương,gia vị,113,gram,60,0.05,8.6,7.1,0.006,0,6370,0.9,1.92,21,2.18,245,0,0
nước tương,gia vị,115,gram,61,0.05,8.75,7.22,0.006,0,6483,0.9,1.96,22,2.22,250,0,0
nước tương,gia vị,119,gram,63,0.05,9.06,7.47,0.006,0,6708,1,2.02,23,2.3,258,0,0
nước tương,gia vị,120,gram,64,0.05,9.13,7.54,0.006,0,6764,1,2.04,23,2.32,260,0,0
nước tương,gia vị,121,gram,64,0.05,9.21,7.6,0.006,0,6821,1,2.06,23,2.34,263,0,0
nước tương,gia vị,123,gram,65,0.05,9.36,7.72,0.006,0,6934,1,2.09,23,2.37,267,0,0
nước tương,gia vị,125,gram,66,0.05,9.51,7.85,0.006,0,7046,1,2.12,24,2.41,271,0,0
nước tương,gia vị,129,gram,68,0.05,9.82,8.1,0.006,0,7272,1,2.19,25,2.49,280,0,0
nước tương,gia vị,130,gram,69,0.05,9.89,8.16,0.006,0,7328,1,2.21,25,2.51,282,0,0
nước tương,gia vị,131,gram,69,0.05,9.97,8.23,0.007,0,7384,1,2.23,25,2.53,284,0,0
nước tương,gia vị,133,gram,70,0.05,10.12,8.35,0.007,0,7497,1.1,2.26,25,2.57,289,0,0
nước tương,gia vị,135,gram,72,0.05,10.27,8.48,0.007,0,7610,1.1,2.3,26,2.61,293,0,0
nước tương,gia vị,139,gram,74,0.06,10.58,8.73,0.007,0,7835,1.1,2.36,26,2.68,302,0,0
nước tương,gia vị,140,gram,74,0.06,10.65,8.79,0.007,0,7892,1.1,2.38,27,2.7,304,0,0
nước tương,gia vị,141,gram,75,0.06,10.73,8.85,0.007,0,7948,1.1,2.4,27,2.72,306,0,0
nước tương,gia vị,143,gram,76,0.06,10.88,8.98,0.007,0,8061,1.1,2.43,27,2.76,310,0,0
nước tương,gia vị,145,gram,77,0.06,11.03,9.11,0.007,0,8174,1.2,2.46,28,2.8,315,0,0
nước tương,gia vị,149,gram,79,0.06,11.34,9.36,0.007,0,8399,1.2,2.53,28,2.88,323,0,0
nước tương,gia vị,150,gram,80,0.06,11.42,9.42,0.008,0,8456,1.2,2.55,28,2.9,326,0,0
nước tương,gia vị,151,gram,80,0.06,11.49,9.48,0.008,0,8512,1.2,2.57,29,2.91,328,0,0
nước tương,gia vị,153,gram,81,0.06,11.64,9.61,0.008,0,8625,1.2,2.6,29,2.95,332,0,0
nước tương,gia vị,155,gram,82,0.06,11.8,9.73,0.008,0,8737,1.2,2.64,29,2.99,336,0,0
nước tương,gia vị,159,gram,84,0.06,12.1,9.99,0.008,0,8963,1.3,2.7,30,3.07,345,0,0
nước tương,gia vị,160,gram,85,0.06,12.18,10.05,0.008,0,9019,1.3,2.72,30,3.09,347,0,0
nước tương,gia vị,161,gram,85,0.06,12.25,10.11,0.008,0,9076,1.3,2.74,31,3.11,349,0,0
nước tương,gia vị,163,gram,86,0.07,12.4,10.24,0.008,0,9188,1.3,2.77,31,3.15,354,0,0
nước tương,gia vị,165,gram,87,0.07,12.56,10.36,0.008,0,9301,1.3,2.8,31,3.18,358,0,0
nước tương,gia vị,169,gram,90,0.07,12.86,10.61,0.008,0,9527,1.4,2.87,32,3.26,367,0,0
nước tương,gia vị,170,gram,90,0.07,12.94,10.68,0.008,0,9583,1.4,2.89,32,3.28,369,0,0
nước tương,gia vị,171,gram,91,0.07,13.01,10.74,0.009,0,9639,1.4,2.91,32,3.3,371,0,0
nước tương,gia vị,173,gram,92,0.07,13.17,10.86,0.009,0,9752,1.4,2.94,33,3.34,375,0,0
nước tương,gia vị,175,gram,93,0.07,13.32,10.99,0.009,0,9865,1.4,2.98,33,3.38,380,0,0
nước tương,gia vị,179,gram,95,0.07,13.62,11.24,0.009,0,10090,1.4,3.04,34,3.45,388,0,0
nước tương,gia vị,180,gram,95,0.07,13.7,11.3,0.009,0,10147,1.4,3.06,34,3.47,391,0,0
nước tương,gia vị,181,gram,96,0.07,13.77,11.37,0.009,0,10203,1.4,3.08,34,3.49,393,0,0
nước tương,gia vị,183,gram,97,0.07,13.93,11.49,0.009,0,10316,1.5,3.11,35,3.53,397,0,0
nước tương,gia vị,185,gram,98,0.07,14.08,11.62,0.009,0,10428,1.5,3.14,35,3.57,401,0,0
nước tương,gia vị,189,gram,100,0.08,14.38,11.87,0.009,0,10654,1.5,3.21,36,3.65,410,0,0
nước tương,gia vị,190,gram,101,0.08,14.46,11.93,0.01,0,10710,1.5,3.23,36,3.67,412,0,0
nước tương,gia vị,191,gram,101,0.08,14.54,11.99,0.01,0,10767,1.5,3.25,36,3.69,414,0,0
nước tương,gia vị,193,gram,102,0.08,14.69,12.12,0.01,0,10879,1.5,3.28,37,3.72,419,0,0
nước tương,gia vị,195,gram,103,0.08,14.84,12.25,0.01,0,10992,1.6,3.32,37,3.76,423,0,0
nước tương,gia vị,199,gram,105,0.08,15.14,12.5,0.01,0,11218,1.6,3.38,38,3.84,432,0,0
nước tương,gia vị,200,gram,106,0.08,15.22,12.56,0.01,0,11274,1.6,3.4,38,3.86,434,0,0
nước tương,gia vị,201,gram,107,0.08,15.3,12.62,0.01,0,11330,1.6,3.42,38,3.88,436,0,0
nước tương,gia vị,203,gram,108,0.08,15.45,12.75,0.01,0,11443,1.6,3.45,39,3.92,441,0,0
nước tương,gia vị,205,gram,109,0.08,15.6,12.87,0.01,0,11556,1.6,3.48,39,3.96,445,0,0
nước tương,gia vị,209,gram,111,0.08,15.9,13.13,0.01,0,11781,1.7,3.55,40,4.03,454,0,0
nước tương,gia vị,210,gram,111,0.08,15.98,13.19,0.01,0,11838,1.7,3.57,40,4.05,456,0,0
nước tương,gia vị,211,gram,112,0.08,16.06,13.25,0.011,0,11894,1.7,3.59,40,4.07,458,0,0
nước tương,gia vị,213,gram,113,0.09,16.21,13.38,0.011,0,12007,1.7,3.62,40,4.11,462,0,0
nước tương,gia vị,215,gram,114,0.09,16.36,13.5,0.011,0,12120,1.7,3.66,41,4.15,467,0,0
nước tương,gia vị,219,gram,116,0.09,16.67,13.75,0.011,0,12345,1.8,3.72,42,4.23,475,0,0
nước tương,gia vị,220,gram,117,0.09,16.74,13.82,0.011,0,12401,1.8,3.74,42,4.25,477,0,0
nước tương,gia vị,221,gram,117,0.09,16.82,13.88,0.011,0,12458,1.8,3.76,42,4.27,480,0,0
nước tương,gia vị,223,gram,118,0.09,16.97,14,0.011,0,12571,1.8,3.79,42,4.3,484,0,0
nước tương,gia vị,225,gram,119,0.09,17.12,14.13,0.011,0,12683,1.8,3.82,43,4.34,488,0,0
nước tương,gia vị,229,gram,121,0.09,17.43,14.38,0.011,0,12909,1.8,3.89,44,4.42,497,0,0
nước tương,gia vị,230,gram,122,0.09,17.5,14.44,0.012,0,12965,1.8,3.91,44,4.44,499,0,0
nước tương,gia vị,231,gram,122,0.09,17.58,14.51,0.012,0,13021,1.8,3.93,44,4.46,501,0,0
nước tương,gia vị,233,gram,123,0.09,17.73,14.63,0.012,0,13134,1.9,3.96,44,4.5,506,0,0
nước tương,gia vị,235,gram,125,0.09,17.88,14.76,0.012,0,13247,1.9,4,45,4.54,510,0,0
nước tương,gia vị,239,gram,127,0.1,8.19,15.01,0.012,0,13472,1.9,4.06,45,4.61,519,0,0
nước tương,gia vị,240,gram,127,0.1,8.26,15.07,0.012,0,13529,1.9,4.08,46,4.63,521,0,0
nước tương,gia vị,241,gram,128,0.1,18.34,15.13,0.012,0,13585,1.9,4.1,46,4.65,523,0,0
nước tương,gia vị,243,gram,129,0.1,18.49,15.26,0.012,0,13698,1.9,4.13,46,4.69,527,0,0
nước tương,gia vị,245,gram,130,0.1,18.64,15.39,0.012,0,13811,2,4.16,47,4.73,532,0,0
nước tương,gia vị,249,gram,132,0.1,18.95,15.64,0.012,0,14036,2,4.23,47,4.81,540,0,0
nước tương,gia vị,250,gram,132,0.1,19.02,15.7,0.012,0,14092,2,4.25,48,4.82,542,0,0
nước tương,gia vị,251,gram,133,0.1,19.1,15.76,0.013,0,14149,2,4.27,48,4.84,545,0,0
nước tương,gia vị,253,gram,134,0.1,19.25,15.89,0.013,0,14262,2,4.3,48,4.88,549,0,0
nước tương,gia vị,255,gram,135,0.1,19.41,16.01,0.013,0,14374,2,4.34,48,4.92,553,0,0
nước tương,gia vị,259,gram,137,0.1,19.71,16.27,0.013,0,14600,2.1,4.4,49,5,562,0,0
nước tương,gia vị,260,gram,138,0.1,19.79,16.33,0.013,0,14656,2.1,4.42,49,5.02,564,0,0
nước tương,gia vị,261,gram,138,0.1,19.86,16.39,0.013,0,14713,2.1,4.44,50,5.04,566,0,0
nước tương,gia vị,263,gram,139,0.11,20.01,16.52,0.013,0,14825,2.1,4.47,50,5.08,571,0,0
nước tương,gia vị,265,gram,140,0.11,20.17,16.64,0.013,0,14938,2.1,4.5,50,5.11,575,0,0
nước tương,gia vị,269,gram,143,0.11,20.47,16.89,0.013,0,15164,2.2,4.57,51,5.19,584,0,0
nước tương,gia vị,270,gram,143,0.11,20.55,16.96,0.014,0,15220,2.2,4.59,51,5.21,586,0,0
nước tương,gia vị,271,gram,144,0.11,20.62,17.02,0.014,0,15276,2.2,4.61,51,5.23,588,0,0
nước tương,gia vị,273,gram,145,0.11,20.78,17.14,0.014,0,15389,2.2,4.64,52,5.27,592,0,0
nước tương,gia vị,275,gram,146,0.11,20.93,17.27,0.014,0,15502,2.2,4.68,52,5.31,597,0,0
nước tương,gia vị,279,gram,148,0.11,21.23,17.52,0.014,0,15727,2.2,4.74,53,5.38,605,0,0
nước tương,gia vị,280,gram,148,0.11,21.31,17.58,0.014,0,15784,2.2,4.76,53,5.4,608,0,0
nước tương,gia vị,281,gram,149,0.11,21.38,17.65,0.014,0,15840,2.2,4.78,53,5.42,610,0,0
nước tương,gia vị,283,gram,150,0.11,21.54,17.77,0.014,0,15953,2.3,4.81,54,5.46,614,0,0
nước tương,gia vị,285,gram,151,0.11,21.69,17.9,0.014,0,16065,2.3,4.84,54,5.5,618,0,0
nước tương,gia vị,289,gram,153,0.12,21.99,18.15,0.014,0,16291,2.3,4.91,55,5.58,627,0,0
nước tương,gia vị,290,gram,154,0.12,22.07,18.21,0.014,0,16347,2.3,4.93,55,5.6,629,0,0
nước tương,gia vị,291,gram,154,0.12,22.15,18.27,0.015,0,16404,2.3,4.95,55,5.62,631,0,0
nước tương,gia vị,293,gram,155,0.12,22.3,18.4,0.015,0,16516,2.3,4.98,56,5.65,636,0,0
nước tương,gia vị,295,gram,156,0.12,22.45,18.53,0.015,0,16629,2.4,5.02,56,5.69,640,0,0
nước tương,gia vị,299,gram,158,0.12,22.75,18.78,0.015,0,16855,2.4,5.08,57,5.77,649,0,0
nước tương,gia vị,300,gram,159,0.12,22.83,18.84,0.015,0,16911,2.4,5.1,57,5.79,651,0,0
nước tương,gia vị,301,gram,160,0.12,22.91,18.9,0.015,0,16967,2.4,5.12,57,5.81,653,0,0
nước tương,gia vị,303,gram,161,0.12,23.06,19.03,0.015,0,17080,2.4,5.15,58,5.85,658,0,0
nước tương,gia vị,305,gram,162,0.12,23.21,19.15,0.015,0,17193,2.4,5.18,58,5.89,662,0,0
nước tương,gia vị,309,gram,164,0.12,23.51,19.41,0.015,0,17418,2.5,5.25,59,5.96,671,0,0
nước tương,gia vị,310,gram,164,0.12,23.59,19.47,0.016,0,17475,2.5,5.27,59,5.98,673,0,0
nước tương,gia vị,311,gram,165,0.12,23.67,19.53,0.016,0,17531,2.5,5.29,59,6,675,0,0
nước tương,gia vị,313,gram,166,0.13,23.82,19.66,0.016,0,17644,2.5,5.32,59,6.04,679,0,0
nước tương,gia vị,315,gram,167,0.13,23.97,19.78,0.016,0,17757,2.5,5.36,60,6.08,684,0,0
nước tương,gia vị,319,gram,169,0.13,24.28,20.03,0.016,0,17982,2.6,5.42,61,6.16,692,0,0
nước tương,gia vị,320,gram,170,0.13,24.35,20.1,0.016,0,18038,2.6,5.44,61,6.18,694,0,0
nước tương,gia vị,321,gram,170,0.13,24.43,20.16,0.016,0,18095,2.6,5.46,61,6.2,697,0,0
nước tương,gia vị,323,gram,171,0.13,24.58,20.28,0.016,0,18208,2.6,5.49,61,6.23,701,0,0
nước tương,gia vị,325,gram,172,0.13,24.73,20.41,0.016,0,18320,2.6,5.52,62,6.27,705,0,0
nước tương,gia vị,329,gram,174,0.13,25.04,20.66,0.016,0,18546,2.6,5.59,63,6.35,714,0,0
nước tương,gia vị,330,gram,175,0.13,25.11,20.72,0.016,0,18602,2.6,5.61,63,6.37,716,0,0
nước tương,gia vị,331,gram,175,0.13,25.19,20.79,0.017,0,18658,2.6,5.63,63,6.39,718,0,0
nước tương,gia vị,333,gram,176,0.13,25.34,20.91,0.017,0,18771,2.7,5.66,63,6.43,723,0,0
nước tương,gia vị,335,gram,178,0.13,25.49,21.04,0.017,0,18884,2.7,5.7,64,6.47,727,0,0
nước tương,gia vị,339,gram,180,0.14,25.8,21.29,0.017,0,19109,2.7,5.76,64,6.54,736,0,0
nước tương,gia vị,340,gram,180,0.14,25.87,21.35,0.017,0,19166,2.7,5.78,65,6.56,738,0,0
nước tương,gia vị,341,gram,181,0.14,25.95,21.41,0.017,0,19222,2.7,5.8,65,6.58,740,0,0
nước tương,gia vị,343,gram,182,0.14,26.1,21.54,0.017,0,19335,2.7,5.83,65,6.62,744,0,0
nước tương,gia vị,345,gram,183,0.14,26.25,21.67,0.017,0,19448,2.8,5.86,66,6.66,749,0,0
nước tương,gia vị,349,gram,185,0.14,26.56,21.92,0.017,0,19673,2.8,5.93,66,6.74,757,0,0
nước tương,gia vị,350,gram,186,0.14,26.64,21.98,0.018,0,19730,2.8,5.95,66,6.76,760,0,0
nước tương,gia vị,351,gram,186,0.14,26.71,22.04,0.018,0,19786,2.8,5.97,67,6.77,762,0,0
nước tương,gia vị,353,gram,187,0.14,26.86,22.17,0.018,0,19899,2.8,6,67,6.81,766,0,0
nước tương,gia vị,355,gram,188,0.14,27.02,22.29,0.018,0,20011,2.8,6.04,67,6.85,770,0,0
nước tương,gia vị,359,gram,190,0.14,27.32,22.55,0.018,0,20237,2.9,6.1,68,6.93,779,0,0
nước tương,gia vị,360,gram,191,0.14,27.4,22.61,0.018,0,20293,2.9,6.12,68,6.95,781,0,0
nước tương,gia vị,361,gram,191,0.14,27.47,22.67,0.018,0,20350,2.9,6.14,69,6.97,783,0,0
nước tương,gia vị,363,gram,192,0.15,27.62,22.8,0.018,0,20462,2.9,6.17,69,7.01,788,0,0
nước tương,gia vị,365,gram,193,0.15,27.78,22.92,0.018,0,20575,2.9,6.2,69,7.04,792,0,0
nước tương,gia vị,369,gram,196,0.15,28.08,23.17,0.018,0,20801,3,6.27,70,7.12,801,0,0
nước tương,gia vị,370,gram,196,0.15,28.16,23.24,0.018,0,20857,3,6.29,70,7.14,803,0,0
nước tương,gia vị,371,gram,197,0.15,28.23,23.3,0.019,0,20913,3,6.31,70,7.16,805,0,0
nước tương,gia vị,373,gram,198,0.15,28.39,23.42,0.019,0,21026,3,6.34,71,7.2,809,0,0
nước tương,gia vị,375,gram,199,0.15,28.54,23.55,0.019,0,21139,3,6.38,71,7.24,814,0,0
nước tương,gia vị,379,gram,201,0.15,28.84,23.8,0.019,0,21364,3,6.44,72,7.31,822,0,0
nước tương,gia vị,380,gram,201,0.15,28.92,23.86,0.019,0,21421,3,6.46,72,7.33,825,0,0
nước tương,gia vị,381,gram,202,0.15,28.99,23.93,0.019,0,21477,3,6.48,72,7.35,827,0,0
nước tương,gia vị,383,gram,203,0.15,29.15,24.05,0.019,0,21590,3.1,6.51,73,7.39,831,0,0
nước tương,gia vị,385,gram,204,0.15,29.3,24.18,0.019,0,21702,3.1,6.54,73,7.43,835,0,0
nước tương,gia vị,389,gram,206,0.16,29.6,24.43,0.019,0,21928,3.1,6.61,74,7.51,844,0,0
nước tương,gia vị,390,gram,207,0.16,29.68,24.49,0.02,0,21984,3.1,6.63,74,7.53,846,0,0
nước tương,gia vị,391,gram,207,0.16,29.76,24.55,0.02,0,22041,3.1,6.65,74,7.55,848,0,0
nước tương,gia vị,393,gram,208,0.16,29.91,24.68,0.02,0,22153,3.1,6.68,75,7.58,853,0,0
nước tương,gia vị,395,gram,209,0.16,30.06,24.81,0.02,0,22266,3.2,6.72,75,7.62,857,0,0
nước tương,gia vị,399,gram,211,0.16,30.36,25.06,0.02,0,22492,3.2,6.78,76,7.7,866,0,0
nước tương,gia vị,400,gram,212,0.16,30.44,25.12,0.02,0,22548,3.2,6.8,76,7.72,868,0,0
tỏi,gia vị,1,gram,1,0,0.33,0.06,0.001,0,0,0,0.01,2,0.02,4,0,0.3
tỏi,gia vị,3,gram,4,0.02,0.99,0.19,0.003,0,1,0.1,0.03,5,0.05,12,0,0.9
tỏi,gia vị,5,gram,7,0.02,1.65,0.32,0.004,0,1,0.1,0.05,9,0.08,20,0,1.6
tỏi,gia vị,9,gram,13,0.04,2.98,0.57,0.008,0,2,0.2,0.09,16,0.15,36,0,2.8
tỏi,gia vị,10,gram,15,0.05,3.31,0.64,0.009,0,2,0.2,0.1,18,0.17,40,0,3.1
tỏi,gia vị,11,gram,16,0.06,3.64,0.7,0.01,0,2,0.2,0.11,20,0.19,44,0,3.4
tỏi,gia vị,13,gram,19,0.06,4.3,0.83,0.012,0,2,0.3,0.13,24,0.22,52,0,4.1
tỏi,gia vị,15,gram,22,0.08,4.96,0.95,0.013,0,3,0.3,0.15,27,0.26,60,0,4.7
tỏi,gia vị,19,gram,28,0.1,6.28,1.21,0.017,0,3,0.4,0.19,34,0.32,76,0,5.9
tỏi,gia vị,20,gram,30,0.1,6.61,1.27,0.018,0,3,0.4,0.2,36,0.34,80,0,6.2
tỏi,gia vị,21,gram,31,0.1,6.94,1.34,0.019,0,4,0.4,0.21,38,0.36,84,0,6.6
tỏi,gia vị,23,gram,34,0.12,7.6,1.46,0.02,0,4,0.5,0.23,42,0.39,92,0,7.2
tỏi,gia vị,25,gram,37,0.12,8.26,1.59,0.022,0,4,0.5,0.25,45,0.42,100,0,7.8
tỏi,gia vị,29,gram,43,0.14,9.59,1.84,0.026,0,5,0.6,0.29,52,0.49,116,0,9
tỏi,gia vị,30,gram,45,0.15,9.92,1.91,0.027,0,5,0.6,0.3,54,0.51,120,0,9.4
tỏi,gia vị,31,gram,46,0.16,10.25,1.97,0.028,0,5,0.7,0.31,56,0.53,124,0,9.7
tỏi,gia vị,33,gram,49,0.16,10.91,2.1,0.029,0,6,0.7,0.33,60,0.56,132,0,10.3
tỏi,gia vị,35,gram,52,0.18,11.57,2.23,0.031,0,6,0.7,0.35,63,0.6,140,0,10.9
tỏi,gia vị,39,gram,58,0.2,12.89,2.48,0.035,0,7,0.8,0.39,71,0.66,156,0,12.2
tỏi,gia vị,40,gram,60,0.2,13.22,2.54,0.036,0,7,0.8,0.4,72,0.68,160,0,12.5
tỏi,gia vị,41,gram,61,0.2,13.55,2.61,0.036,0,7,0.9,0.41,74,0.7,164,0,12.8
tỏi,gia vị,43,gram,64,0.22,14.22,2.73,0.038,0,7,0.9,0.43,78,0.73,172,0,13.4
tỏi,gia vị,45,gram,67,0.22,14.88,2.86,0.04,0,8,0.9,0.45,81,0.76,180,0,14
tỏi,gia vị,49,gram,73,0.24,16.2,3.12,0.044,0,8,1,0.49,89,0.83,196,0,15.3
tỏi,gia vị,50,gram,74,0.25,16.53,3.18,0.044,0,8,1,0.5,90,0.85,200,0,15.6
tỏi,gia vị,51,gram,76,0.26,16.86,3.24,0.045,0,9,1.1,0.51,92,0.87,205,0,15.9
tỏi,gia vị,53,gram,79,0.26,17.52,3.37,0.047,0,9,1.1,0.53,96,0.9,213,0,16.5
tỏi,gia vị,55,gram,82,0.28,18.18,3.5,0.049,0,9,1.2,0.55,100,0.94,221,0,17.2
tỏi,gia vị,59,gram,88,0.3,19.51,3.75,0.053,0,10,1.2,0.59,107,1,237,0,18.4
tỏi,gia vị,60,gram,89,0.3,19.84,3.82,0.053,0,10,1.3,0.6,109,1.02,241,0,18.7
tỏi,gia vị,61,gram,91,0.3,20.17,3.88,0.054,0,10,1.3,0.61,110,1.04,245,0,19
tỏi,gia vị,63,gram,94,0.32,20.83,4.01,0.056,0,11,1.3,0.63,114,1.07,253,0,19.7
tỏi,gia vị,65,gram,97,0.32,21.49,4.13,0.058,0,11,1.4,0.65,118,1.1,261,0,20.3
tỏi,gia vị,69,gram,103,0.34,22.81,4.39,0.061,0,12,1.4,0.69,125,1.17,277,0,21.5
tỏi,gia vị,70,gram,104,0.35,23.14,4.45,0.062,0,12,1.5,0.7,127,1.19,281,0,21.8
tỏi,gia vị,71,gram,106,0.36,23.47,4.52,0.063,0,12,1.5,0.71,129,1.21,285,0,22.2
tỏi,gia vị,73,gram,109,0.36,24.13,4.64,0.065,0,12,1.5,0.73,132,1.24,293,0,22.8
tỏi,gia vị,75,gram,112,0.38,24.8,4.77,0.067,0,13,1.6,0.75,136,1.28,301,0,23.4
tỏi,gia vị,79,gram,118,0.4,26.12,5.02,0.07,0,13,1.7,0.79,143,1.34,317,0,24.6
tỏi,gia vị,80,gram,119,0.4,26.45,5.09,0.071,0,14,1.7,0.8,145,1.36,321,0,25
tỏi,gia vị,81,gram,121,0.4,26.78,5.15,0.072,0,14,1.7,0.81,147,1.38,325,0,25.3
tỏi,gia vị,83,gram,124,0.42,27.44,5.28,0.074,0,14,1.7,0.83,150,1.41,333,0,25.9
tỏi,gia vị,85,gram,127,0.42,28.1,5.41,0.076,0,14,1.8,0.85,154,1.44,341,0,26.5
tỏi,gia vị,89,gram,133,0.44,29.42,5.66,0.079,0,15,1.9,0.89,161,1.51,357,0,27.8
tỏi,gia vị,90,gram,134,0.45,29.75,5.72,0.08,0,15,1.9,0.9,163,1.53,361,0,28.1
tỏi,gia vị,91,gram,136,0.46,30.08,5.79,0.081,0,15,1.9,0.91,165,1.55,365,0,28.4
tỏi,gia vị,93,gram,139,0.46,30.75,5.91,0.083,0,16,2,0.93,168,1.58,373,0,29
tỏi,gia vị,95,gram,142,0.48,31.41,6.04,0.085,0,16,2,0.95,172,1.62,381,0,29.6
tỏi,gia vị,99,gram,148,0.5,32.73,6.3,0.088,0,17,2.1,0.99,179,1.68,397,0,30.9
tỏi,gia vị,100,gram,149,0.5,33.06,6.36,0.089,0,17,2.1,1,181,1.7,401,0,31.2
tỏi,gia vị,101,gram,150,0.5,33.39,6.42,0.09,0,17,2.1,1.01,183,1.72,405,0,31.5
tỏi,gia vị,103,gram,153,0.52,34.05,6.55,0.092,0,18,2.2,1.03,186,1.75,413,0,32.1
tỏi,gia vị,105,gram,156,0.52,34.71,6.68,0.093,0,18,2.2,1.05,190,1.78,421,0,32.8
tỏi,gia vị,109,gram,162,0.54,36.04,6.93,0.097,0,19,2.3,1.09,197,1.85,437,0,34
tỏi,gia vị,110,gram,164,0.55,36.37,7,0.098,0,19,2.3,1.1,199,1.87,441,0,34.3
tỏi,gia vị,111,gram,165,0.56,36.7,7.06,0.099,0,19,2.3,1.11,201,1.89,445,0,34.6
tỏi,gia vị,113,gram,168,0.56,37.36,7.19,0.101,0,19,2.4,1.13,205,1.92,453,0,35.3
tỏi,gia vị,115,gram,171,0.58,38.02,7.31,0.102,0,20,2.4,1.15,208,1.96,461,0,35.9
tỏi,gia vị,119,gram,177,0.6,39.34,7.57,0.106,0,20,2.5,1.19,215,2.02,477,0,37.1
tỏi,gia vị,120,gram,179,0.6,39.67,7.63,0.107,0,20,2.5,1.2,217,2.04,481,0,37.4
tỏi,gia vị,121,gram,180,0.6,40,7.7,0.108,0,21,2.5,1.21,219,2.06,485,0,37.8
tỏi,gia vị,123,gram,183,0.62,40.66,7.82,0.109,0,21,2.6,1.23,223,2.09,493,0,38.4
tỏi,gia vị,125,gram,186,0.62,41.32,7.95,0.111,0,21,2.6,1.25,226,2.12,501,0,39
tỏi,gia vị,129,gram,192,0.64,42.65,8.2,0.115,0,22,2.7,1.29,233,2.19,517,0,40.2
tỏi,gia vị,130,gram,194,0.65,42.98,8.27,0.116,0,22,2.7,1.3,235,2.21,521,0,40.6
tỏi,gia vị,131,gram,195,0.66,43.31,8.33,0.117,0,22,2.8,1.31,237,2.23,525,0,40.9
tỏi,gia vị,133,gram,198,0.66,43.97,8.46,0.118,0,23,2.8,1.33,241,2.26,533,0,41.5
tỏi,gia vị,135,gram,201,0.68,44.63,8.59,0.12,0,23,2.8,1.35,244,2.3,541,0,42.1
tỏi,gia vị,139,gram,207,0.7,45.95,8.84,0.124,0,24,2.9,1.39,252,2.36,557,0,43.4
tỏi,gia vị,140,gram,209,0.7,46.28,8.9,0.125,0,24,2.9,1.4,253,2.38,561,0,43.7
tỏi,gia vị,141,gram,210,0.7,46.61,8.97,0.125,0,24,3,1.41,255,2.4,565,0,44
tỏi,gia vị,143,gram,213,0.72,47.28,9.09,0.127,0,24,3,1.43,259,2.43,573,0,44.6
tỏi,gia vị,145,gram,216,0.72,47.94,9.22,0.129,0,25,3,1.45,262,2.46,581,0,45.2
tỏi,gia vị,149,gram,222,0.74,49.26,9.48,0.133,0,25,3.1,1.49,270,2.53,597,0,46.5
tỏi,gia vị,150,gram,224,0.75,49.59,9.54,0.134,0,26,3.2,1.5,272,2.55,602,0,46.8
tỏi,gia vị,151,gram,225,0.76,49.92,9.6,0.134,0,26,3.2,1.51,273,2.57,606,0,47.1
tỏi,gia vị,153,gram,228,0.76,50.58,9.73,0.136,0,26,3.2,1.53,277,2.6,614,0,47.7
tỏi,gia vị,155,gram,231,0.78,51.24,9.86,0.138,0,26,3.3,1.55,281,2.64,622,0,48.4
tỏi,gia vị,159,gram,237,0.8,52.57,10.11,0.142,0,27,3.3,1.59,288,2.7,638,0,49.6
tỏi,gia vị,160,gram,238,0.8,52.9,10.18,0.142,0,27,3.4,1.6,290,2.72,642,0,49.9
tỏi,gia vị,161,gram,240,0.8,53.23,10.24,0.143,0,27,3.4,1.61,291,2.74,646,0,50.2
tỏi,gia vị,163,gram,243,0.82,53.89,10.37,0.145,0,28,3.4,1.63,295,2.77,654,0,50.9
tỏi,gia vị,165,gram,246,0.82,54.55,10.49,0.147,0,28,3.5,1.65,299,2.8,662,0,51.5
tỏi,gia vị,169,gram,252,0.84,55.87,10.75,0.15,0,29,3.5,1.69,306,2.87,678,0,52.7
tỏi,gia vị,170,gram,253,0.85,56.2,10.81,0.151,0,29,3.6,1.7,308,2.89,682,0,53
tỏi,gia vị,171,gram,255,0.86,56.53,10.88,0.152,0,29,3.6,1.71,310,2.91,686,0,53.4
tỏi,gia vị,173,gram,258,0.86,57.19,11,0.154,0,29,3.6,1.73,313,2.94,694,0,54
tỏi,gia vị,175,gram,261,0.88,57.86,11.13,0.156,0,30,3.7,1.75,317,2.98,702,0,54.6
tỏi,gia vị,179,gram,267,0.9,59.18,11.38,0.159,0,30,3.8,1.79,324,3.04,718,0,55.8
tỏi,gia vị,180,gram,268,0.9,59.51,11.45,0.16,0,31,3.8,1.8,326,3.06,722,0,56.2
tỏi,gia vị,181,gram,270,0.9,59.84,11.51,0.161,0,31,3.8,1.81,328,3.08,726,0,56.5
tỏi,gia vị,183,gram,273,0.92,60.5,11.64,0.163,0,31,3.8,1.83,331,3.11,734,0,57.1
tỏi,gia vị,185,gram,276,0.92,61.16,11.77,0.165,0,31,3.9,1.85,335,3.14,742,0,57.7
tỏi,gia vị,189,gram,282,0.94,62.48,12.02,0.168,0,32,4,1.89,342,3.21,758,0,59
tỏi,gia vị,190,gram,283,0.95,62.81,12.08,0.169,0,32,4,1.9,344,3.23,762,0,59.3
tỏi,gia vị,191,gram,285,0.96,63.14,12.15,0.17,0,32,4,1.91,346,3.25,766,0,59.6
tỏi,gia vị,193,gram,288,0.96,63.81,12.27,0.172,0,33,4.1,1.93,349,3.28,774,0,60.2
tỏi,gia vị,195,gram,291,0.98,64.47,12.4,0.174,0,33,4.1,1.95,353,3.32,782,0,60.8
tỏi,gia vị,199,gram,297,1,65.79,12.66,0.177,0,34,4.2,1.99,360,3.38,798,0,62.1
tỏi,gia vị,200,gram,298,1,66.12,12.72,0.178,0,34,4.2,2,362,3.4,802,0,62.4
tỏi,gia vị,201,gram,299,1,66.45,12.78,0.179,0,34,4.2,2.01,364,3.42,806,0,62.7
tỏi,gia vị,203,gram,302,1.02,67.11,12.91,0.181,0,35,4.3,2.03,367,3.45,814,0,63.3
tỏi,gia vị,205,gram,305,1.02,67.77,13.04,0.182,0,35,4.3,2.05,371,3.48,822,0,64
tỏi,gia vị,209,gram,311,1.04,69.1,13.29,0.186,0,36,4.4,2.09,378,3.55,838,0,65.2
tỏi,gia vị,210,gram,313,1.05,69.43,13.36,0.187,0,36,4.4,2.1,380,3.57,842,0,65.5
tỏi,gia vị,211,gram,314,1.06,69.76,13.42,0.188,0,36,4.4,2.11,382,3.59,846,0,65.8
tỏi,gia vị,213,gram,317,1.06,70.42,13.55,0.19,0,36,4.5,2.13,386,3.62,854,0,66.5
tỏi,gia vị,215,gram,320,1.08,71.08,13.67,0.191,0,37,4.5,2.15,389,3.66,862,0,67.1
tỏi,gia vị,219,gram,326,1.1,72.4,13.93,0.195,0,37,4.6,2.19,396,3.72,878,0,68.3
tỏi,gia vị,220,gram,328,1.1,72.73,13.99,0.196,0,37,4.6,2.2,398,3.74,882,0,68.6
tỏi,gia vị,221,gram,329,1.1,73.06,14.06,0.197,0,38,4.6,2.21,400,3.76,886,0,69
tỏi,gia vị,223,gram,332,1.12,73.72,14.18,0.198,0,38,4.7,2.23,404,3.79,894,0,69.6
tỏi,gia vị,225,gram,335,1.12,74.38,14.31,0.2,0,38,4.7,2.25,407,3.82,902,0,70.2
tỏi,gia vị,229,gram,341,1.14,75.71,14.56,0.204,0,39,4.8,2.29,414,3.89,918,0,71.4
tỏi,gia vị,230,gram,343,1.15,76.04,14.63,0.205,0,39,4.8,2.3,416,3.91,922,0,71.8
tỏi,gia vị,231,gram,344,1.16,76.37,14.69,0.206,0,39,4.9,2.31,418,3.93,926,0,72.1
tỏi,gia vị,233,gram,347,1.16,77.03,14.82,0.207,0,40,4.9,2.33,422,3.96,934,0,72.7
tỏi,gia vị,235,gram,350,1.18,77.69,14.95,0.209,0,40,4.9,2.35,425,4,942,0,73.3
tỏi,gia vị,239,gram,356,1.2,79.01,15.2,0.213,0,41,5,2.39,433,4.06,958,0,74.6
tỏi,gia vị,240,gram,358,1.2,79.34,15.26,0.214,0,41,5,2.4,434,4.08,962,0,74.9
tỏi,gia vị,241,gram,359,1.2,79.67,15.33,0.214,0,41,5.1,2.41,436,4.1,966,0,75.2
tỏi,gia vị,243,gram,362,1.22,80.34,15.45,0.216,0,41,5.1,2.43,440,4.13,974,0,75.8
tỏi,gia vị,245,gram,365,1.22,81,15.58,0.218,0,42,5.1,2.45,443,4.16,982,0,76.4
tỏi,gia vị,249,gram,371,1.24,82.32,15.84,0.222,0,42,5.2,2.49,451,4.23,998,0,77.7
tỏi,gia vị,250,gram,372,1.25,82.65,15.9,0.222,0,42,5.2,2.5,452,4.25,1002,0,78
tỏi,gia vị,251,gram,374,1.26,82.98,15.96,0.223,0,43,5.3,2.51,454,4.27,1007,0,78.3
tỏi,gia vị,253,gram,377,1.26,83.64,16.09,0.225,0,43,5.3,2.53,458,4.3,1015,0,78.9
tỏi,gia vị,255,gram,380,1.28,84.3,16.22,0.227,0,43,5.4,2.55,462,4.34,1023,0,79.6
tỏi,gia vị,259,gram,386,1.3,85.63,16.47,0.231,0,44,5.4,2.59,469,4.4,1039,0,80.8
tỏi,gia vị,260,gram,387,1.3,85.96,16.54,0.231,0,44,5.5,2.6,471,4.42,1043,0,81.1
tỏi,gia vị,261,gram,389,1.3,86.29,16.6,0.232,0,44,5.5,2.61,472,4.44,1047,0,81.4
tỏi,gia vị,263,gram,392,1.32,86.95,16.73,0.234,0,45,5.5,2.63,476,4.47,1055,0,82.1
tỏi,gia vị,265,gram,395,1.32,87.61,16.85,0.236,0,45,5.6,2.65,480,4.5,1063,0,82.7
tỏi,gia vị,269,gram,401,1.34,88.93,17.11,0.239,0,46,5.6,2.69,487,4.57,1079,0,83.9
tỏi,gia vị,270,gram,402,1.35,89.26,17.17,0.24,0,46,5.7,2.7,489,4.59,1083,0,84.2
tỏi,gia vị,271,gram,404,1.36,89.59,17.24,0.241,0,46,5.7,2.71,491,4.61,1087,0,84.6
tỏi,gia vị,273,gram,407,1.36,90.25,17.36,0.243,0,46,5.7,2.73,494,4.64,1095,0,85.2
tỏi,gia vị,275,gram,410,1.38,90.92,17.49,0.245,0,47,5.8,2.75,498,4.68,1103,0,85.8
tỏi,gia vị,279,gram,416,1.4,92.24,17.74,0.248,0,47,5.9,2.79,505,4.74,1119,0,87
tỏi,gia vị,280,gram,417,1.4,92.57,17.81,0.249,0,48,5.9,2.8,507,4.76,1123,0,87.4
tỏi,gia vị,281,gram,419,1.4,92.9,17.87,0.25,0,48,5.9,2.81,509,4.78,1127,0,87.7
tỏi,gia vị,283,gram,422,1.42,93.56,18,0.252,0,48,5.9,2.83,512,4.81,1135,0,88.3
tỏi,gia vị,285,gram,425,1.42,94.22,18.13,0.254,0,48,6,2.85,516,4.84,1143,0,88.9
tỏi,gia vị,289,gram,431,1.44,95.54,18.38,0.257,0,49,6.1,2.89,523,4.91,1159,0,90.2
tỏi,gia vị,290,gram,432,1.45,95.87,18.44,0.258,0,49,6.1,2.9,525,4.93,1163,0,90.5
tỏi,gia vị,291,gram,434,1.46,96.2,18.51,0.259,0,49,6.1,2.91,527,4.95,1167,0,90.8
tỏi,gia vị,293,gram,437,1.46,96.87,18.63,0.261,0,50,6.2,2.93,530,4.98,1175,0,91.4
tỏi,gia vị,295,gram,440,1.48,97.53,18.76,0.263,0,50,6.2,2.95,534,5.02,1183,0,92
tỏi,gia vị,299,gram,446,1.5,98.85,19.02,0.266,0,51,6.3,2.99,541,5.08,1199,0,93.3
tỏi,gia vị,300,gram,447,1.5,99.18,19.08,0.267,0,51,6.3,3,543,5.1,1203,0,93.6
